name,number
一般理论,R-0
现状与发展,R-1
医学研究方法,R-3
预防医学、卫生学,R1
中国医学,R2
基础医学,R3
临床医学,R4
临床各科,R5/8
内科学⑨,R5
外科学⑨,R6
妇产科学⑨,R71
儿科学⑨,R72
肿瘤学,R73
神经病学与精神病学⑨,R74
皮肤病学与性病学⑨,R75
耳鼻咽喉科学⑨,R76
眼科学⑨,R77
口腔科学⑨,R78
外国民族医学⑨,R79
特种医学⑨,R8
药学,R9
实验医学、医学实验,R-33
临床诊疗问题,R41
诊断学,R44
治疗学,R45
护理学,R47
临终关怀学,R48
外科病理学、解剖学,R602
外科诊断学,R604
外科治疗学,R605
外科诊疗器械与用具,R608
康复医学,R49
临床医学的其他分支学科,R499
传染病⑨,R51
结核病⑨,R52
寄生虫病⑨,R53
外科手术学⑨,R61
整形外科学（修复外科学）⑨,R62
外科感染⑨,R63
创伤外科学⑨,R64
外科学各论⑨,R65
骨科学（运动系疾病、矫形外科学）⑨,R68
方针、政策及其阐述,R-01
医学哲学,R-02
医学与其他学科的关系,R-05
医学史,R-09
肿瘤学实验研究,R73-3
一般性问题￠,R730
心血管肿瘤,R732
造血器及淋巴系肿瘤,R733
人畜共患病⑨,R535
心脏、血管（循环系）疾病⑨,R54
血液及淋巴系疾病⑨,R55
呼吸系及胸部疾病⑨,R56
消化系及腹部疾病⑨,R57
内分泌腺疾病及代谢病⑨,R58
全身性疾病⑨,R59
地方病学⑨,R599
泌尿科学（泌尿生殖系疾病）⑨,R69
呼吸系肿瘤,R734
消化系肿瘤,R735
内分泌腺肿瘤,R736
泌尿生殖器肿瘤,R737
运动系肿瘤,R738
神经系肿瘤,R739.4
皮肤肿瘤,R739.5
耳鼻咽喉肿瘤,R739.6
眼肿瘤,R739.7
口腔、颌面部肿瘤,R739.8
其他部位肿瘤,R739.9
儿科治疗学,R720.5
新生儿、早产儿疾病⑨,R722
婴儿的营养障碍⑨,R723
小儿内科学⑨,R725
小儿外科学⑨,R726
小儿其他疾病⑨,R729
妇科学⑨,R711
放射医学⑨,R81
军事医学⑨,R82
妇科手术⑨,R713
产科学⑨,R714
临床优生学⑨,R715
助产学⑨,R717
产科手术⑨,R719
中国医学理论,R2-0
中医学教育与普及,R2-4
中医学丛书、文集、连续出版物,R2-5
中医预防、卫生学,R21
中医基础理论,R22
卫生经济学,R1-9
卫生基础科学,R11
环境医学、环境卫生,R12
职业卫生,R13
放射卫生,R14
航海医学⑨,R83
潜水医学⑨,R84
航空航天医学⑨,R85
运动医学⑨,R87
法医学⑨,[R89]
预防、控制和卫生　　　　|,01
病理学、病因学　　　　　|,02
医学微生物学、医学免疫学|,03
诊断学　　　　　　　　　|,04
治疗学　　　　　　　　　|,05
中医临床学,R24
中医各科及中医急症学,R25/278
中医内科学+⑨,R25
中医外科学+⑨,R26
中医妇产科学+⑨,R271
中医儿科学+⑨,R272
中医肿瘤科学+⑨,R273
中医骨伤科学+⑨,R274
中医皮肤科学与性病学+⑨,R275
战备卫生,R149
营养卫生、饮食卫生,R15
个人卫生,R16
生殖健康与卫生,R169
妇幼卫生,R17
儿童、少年卫生,R179
流行病学与防疫,R18
并发症　　　　　　　　　|,06
预后　　　　　　　　　　|,07
诊疗器械、用具　　　　　|,08
康复　　　　　　　　　　|,09
中医五官科学+⑨,R276
中医其他学科+⑨,R277
中医急症学+⑨,R278
中药学,R28
方剂学,R289
中国少数民族医学,R29
卫生事业管理（保健组织与事业）,R19
医用一般科学,R31
人体形态学,R32
人体生理学,R33
人体生物化学,[R34]
人体生物物理学,[R35]
病理学,R36
医学微生物学（病原细菌学、病原微生物学）,R37
医学寄生虫学,R38
医学免疫学,R392
医学分子生物学,R393
医学遗传学,R394
医学心理学、病理心理学,R395
计算机在药学中的应用,R9-39
药物基础科学,R91
药物分析,R917
药物设计,R918
药典、药方集（处方集）、药物鉴定,R92
生药学(天然药物学),R93
药剂学,R94
药事管理,R95
药理学,R96
药品,R97
毒物学（毒理学）,R99
口腔疾病的预防与口腔卫生,R780.1
耳鼻咽喉外科学⑨,R762
耳鼻咽喉科真菌病⑨,R763
耳科学、耳疾病⑨,R764
鼻科学、鼻疾病⑨,R765
咽科学、咽疾病⑨,R766
喉科学、喉疾病⑨,R767
气管与食管镜学⑨,R768
口腔病理学,R780.2
口腔内科学⑨,R781
口腔颌面部外科学⑨,R782
口腔矫形学、牙科美学⑨,R783
老年口腔疾病⑨,R787
儿童口腔疾病⑨,R788
实验方法与设备,R-331
医用实验动物学,R-332
皮肤病学⑨,R751
性病学⑨,R759
神经病学⑨,R741
精神病学⑨,R749
眼科诊断学,R770.4
眼的一般性疾病⑨,R771
眼纤维膜疾病⑨,R772
眼色素层（葡萄膜）疾病⑨,R773
视网膜及视神经疾病⑨,R774
眼压与青光眼⑨,R775
晶状体与玻璃体疾病⑨,R776
眼附属器官疾病⑨,R777
眼屈光学⑨,R778
眼损伤与异物⑨,R779.1
眼外科手术⑨,R779.6
小儿眼科学⑨,R779.7
热带眼科学⑨,R779.9
气管、支气管肿瘤,R734.1
肺肿瘤,R734.2
胸膜肿瘤,R734.3
胸壁肿瘤,R734.4
纵膈肿瘤,R734.5
膈膜肿瘤,R734.6
网状内皮系统肿瘤,R733.1
脾脏肿瘤,R733.2
骨髓肿瘤,R733.3
淋巴结肿瘤,R733.4
白血病,R733.7
手术室及其设备⑨,R612
抗菌术、无菌技术（消毒法）⑨,R613
麻醉学⑨,R614
手术基本操作技术⑨,R615
急救外科学,R605.97
特种外科手术学⑨,R616
器官移植术⑨,R617
绷带学⑨,R618
手术前后的处理及外科并发症⑨,R619
中国医学史,R-092
心脏肿瘤,R732.1
血管肿瘤,R732.2
肿瘤的预防与控制,R730.1
肿瘤病理学、病因学,R730.2
肿瘤免疫学与血清学,R730.3
肿瘤诊断学,R730.4
肿瘤治疗学,R730.5
肿瘤并发症,R730.6
肿瘤学调查与统计,R73-31
物理学实验,R73-33
化学实验,R73-34
移植与组织培养,R73-35
治疗实验,R73-36
预后,R730.7
诊疗器械、用具,R730.8
康复,R730.9
肿瘤的转移与扩散,R73-37
毒物的分析及鉴定,R991
毒物的生理及化学作用,R992
毒物学分支,R994
无机毒物,R995
有机毒物,R996
中医诊断学,R241
中医治疗学,R242
针灸学、针灸疗法,R245
其他疗法,R247
中医康复医学,R247.9
中医护理学,R248
医案、医话（临床经验）,R249
内经,R221
难经,R221.9
伤寒、金匮（伤寒杂病论）,R222
中医生理学,R223
神经系统药物,R971
心血管系统药物,R972
经络、孔穴,R224
中医阴阳五行、运气学说,R226
中医病理学,R228
其他,R229
药事法规,R951
药房,R952
药品的管理和储藏,R954
药用器械的管理和储藏,R955
药学经济学,[R956]
血液和造血系统药物,R973
呼吸系统药物,R974
消化系统药物,R975
抗变态反应药物,R976
影响生长代谢机能药物,R977
治疗感染性疾病及寄生虫病药物,R978
抗肿瘤、抗癌药物,R979.1
计划生育药物,R979.2
职业病药物、解毒药,R979.3
抗物理性损害药,R979.4
免疫增强剂、免疫抑制剂,R979.5
防治放射病药物,R979.6
消毒、防腐药,R979.7
杀虫、灭鼠药,R979.8
其他,R979.9
各科药物,R98
虹膜疾病⑨,R773.1
瞳孔疾病⑨,R773.2
睫状体疾病⑨,R773.3
脉络膜疾病⑨,R773.4
其他⑨,R773.9
药物的性质和作用,R961
化学药理学,R962
生化药理学,R963
精神药理学,R964
实验药理学,R965
分子药理学,R966
免疫药理学,R967
角膜疾病⑨,R772.2
巩膜疾病⑨,R772.3
调剂学,R942
制剂学,R943
剂型,R944
生物药剂学,R945
遗传药理学,R968
临床药理学,R969
药材学,[R931]
中药学,[R932]
各国药材分布、药材志,R933/937
眼畸形病⑨,R771.1
眼球炎⑨,R771.2
系统疾病的眼部表现⑨,R771.3
视网膜疾病⑨,R774.1
黄斑、中心窝疾病⑨,R774.5
视神经疾病⑨,R774.6
视路及视中枢疾病⑨,R774.7
冷冻眼外科⑨,R779.61
无缝线及显微眼外科手术⑨,R779.62
视网膜光凝术及激光在眼外科的应用⑨,R779.63
职业性眼病⑨,R779.11
物理及机械性眼损伤⑨,R779.12
化学性眼损伤⑨,R779.13
眼内异物⑨,R779.14
眼成形术及义眼⑨,R779.64
角膜移植⑨,R779.65
白内障摘除术⑨,R779.66
屈光不正⑨,R778.1
眼屈光检查法⑨,R778.2
眼镜学⑨,R778.3
急性白血病,R733.71
慢性白血病,R733.72
其他类型白血病,R733.73
组织培养,R73-35+1
移植与接种,R73-35+2
实验性肿瘤,R73-35+4
超声波诊断,R730.41
电气诊断,R730.42
实验室诊断,R730.43
放射线、同位素诊断,R730.44
免疫诊断,{R730.45}
其他,R730.49
化学疗法实验,R73-36+1
生物疗法实验,R73-36+2
免疫疗法,R730.51
中草药疗法,[R730.52]
化学（药物）疗法,R730.53
生物疗法,R730.54
放射疗法,R730.55
手术（外科）疗法,R730.56
激光疗法,R730.57
综合疗法,R730.58
其他,R730.59
肿瘤病理解剖学、组织学,R730.21
抗生素,R978.1
磺胺类药物,R978.2
抗结核病药、抗麻风病药物,R978.3
抗梅毒等螺旋体病药物,R978.4
抗真菌药物,R978.5
抗寄生虫病药物,R978.6
抗病毒药物,R978.7
肿瘤病理生理学,R730.23
肿瘤病理类型,R730.26
避孕药物,R979.2+1
引产药,R979.2+2
抗不育药,R979.2+3
烷化剂,R979.1+1
抗代谢剂,R979.1+2
抗肿瘤抗生素,R979.1+4
其他,R979.1+9
激素类药物,R977.1
维生素类药物,R977.2
酶制剂,R977.3
氨基酸及其衍生物,R977.4
矿物质,R977.5
蛋白质、结合糖、脂类,R977.6
调节水、电解质和酸碱平衡药物,R977.7
血液代用品,R977.8
其他,R977.9
健胃药,R975+.1
制酸药,R975+.2
泻药与止泻药,R975+.3
催吐与止吐药,R975+.4
利胆药、肝脏辅助药,R975+.5
抗溃疡药,R975+.6
胃肠道解痉药,R975+.7
诊断药物,R981
外科药物,R982
泌尿科药物,R983
妇产科药物,R984
儿科药物,R985
皮肤性病科药物,R986
耳鼻咽喉科药物,R987
眼科药物,R988.1
口腔科药物,R988.2
祛痰药,R974+.1
止咳药,R974+.2
平喘药,R974+.3
药物代谢动力学,R969.1
药物相互作用,R969.2
合理用药,R969.3
临床疗效试验,R969.4
液体制剂,R944.1
固体制剂,R944.2
片剂,R944.4
胶囊剂,R944.5
浸出制剂,R944.6
气溶剂,R944.7
其他,R944.9
中药炮制学,[R943.1]
药用植物的引种、栽培、病虫害防治、资源调查,[R931.2]
药用动物的饲养、驯育,[R931.3]
药材的采集、加工和储藏,[R931.4]
药材鉴定,[R931.5]
生药化学,[R931.6]
各类药材,[R931.7]
浅层巩膜炎⑨,R772.3+1
前巩膜炎⑨,R772.3+2
后巩膜炎⑨,R772.3+3
巩膜角膜周围炎⑨,R772.3+4
近视⑨,R778.1+1
远视⑨,R778.1+2
散光⑨,R778.1+3
老视⑨,R778.1+4
屈光不等⑨,R778.1+5
物像不等⑨,R778.1+6
视神经炎（视神经乳头炎、球后视神经炎）⑨,R774.6+1
视神经乳头水肿⑨,R774.6+2
视神经萎缩⑨,R774.6+3
视网膜炎⑨,R774.1+1
视网膜剥离⑨,R774.1+2
视网膜变性⑨,R774.1+3
色盲⑨,R774.1+4
药物筛选和实验模型,R965.1
药理的实验方法与技术,R965.2
药物的安全试验,R965.3
中药药性学,[R961.1]
止血药,R973+.1
抗凝血药,R973+.2
抗贫血药,R973+.3
升白细胞药,R973+.4
血容量补充剂,R973+.5
补血药,R973+.6
强心药,R972+.1
抗心律失常药,R972+.2
抗心绞痛药,R972+.3
抗高血压药、血管扩张药,R972+.4
抗休克药,R972+.5
降血脂、抗动脉粥样硬化药,R972+.6
其他,R972+.9
角膜炎、角膜溃疡⑨,R772.21
角膜实质炎⑨,R772.22
角膜变性⑨,R772.23
维生素A,R977.2+1
维生素B,R977.2+2
维生素C,R977.2+3
维生素D,R977.2+4
维生素E,R977.2+5
维生素K,R977.2+6
维生素U,R977.2+7
维生素F,R977.2+8
其他,R977.2+9
上皮组织肿瘤,R730.261
间叶组织瘤,R730.262
造血组织瘤,R730.263
神经组织瘤,R730.264
其他组织瘤,R730.269
利尿药、抗利尿药,R983+.1
尿结石和尿酸排除剂,R983+.2
X线造影剂,R981+.1
器官功能检查药,R981+.2
妊娠诊断药,R981+.3
其他诊断药,R981+.9
肿瘤病因学、发生学,R730.231
促皮质激素和肾上腺皮质激素,R977.1+1
性激素,R977.1+2
蛋白同化激素,R977.1+3
甲状腺素及抗甲状腺药物,R977.1+4
胰岛素及降血糖药物,R977.1+5
抗原虫病药物,R978.61
抗蠕虫病药物,R978.63
其他,R978.69
短效磺胺、中效磺胺、长效磺胺,R978.2+1
肠道用磺胺,R978.2+2
局部用磺胺,R978.2+3
抗菌增效剂,R978.2+4
呋喃类药,R978.2+5
β-内烯胺类,R978.1+1
胺基糖苷类,R978.1+2
氯霉素及其衍生物,R978.1+3
四环类,R978.1+4
大环内脂类,R978.1+5
多肽类,R978.1+6
多烯类,R978.1+7
其他,R978.1+9
膏剂,R944.2+1
丹剂,R944.2+2
栓剂,R944.2+3
散剂,R944.2+4
锭剂,R944.2+5
茶剂,R944.2+6
颗粒剂,R944.2+7
针剂,R944.1+1
水剂,R944.1+2
醑剂,R944.1+3
酏剂,R944.1+4
胶体制剂,R944.1+5
悬浮剂,R944.1+6
浮剂,R944.1+7
解热镇痛药、抗风湿药、抗痛风药,R971+.1
经络,R224.1
孔穴,R224.2
子午流注,R224.3
经穴图谱,R224.4
麻醉药,R971+.2
镇静安神催眠药,R971+.3
抗精神失常药,R971+.4
抗震颤麻痹药,R971+.5
抗惊厥药、抗癫痫药,R971+.6
中枢兴奋药,R971+.7
骨骼肌松弛药,R971+.8
植物神经系统药物,R971+.9
脏腑学说,R223.1
骨度,R223.7
汤剂,R944.6+1
酊剂,R944.6+2
酒剂,R944.6+3
流浸膏,R944.6+4
浸膏合剂,R944.6+5
本文合编,R222.1
伤寒论,R222.2
金匮要略,R222.3
植物药,[R931.71]
动物药,[R931.74]
矿物药,[R931.76]
海洋药物,[R931.77]
注解,R221.02
研究,R221.09
素问,R221.1
灵枢,R221.2
素问、灵枢分类合编,R221.3
中草药治疗学（八法论治）,R243
外治法,R244
内科护理,R248.1
外科护理,R248.2
妇产科护理,R248.3
儿科护理,R248.4
其他,R248.9
一般理论与方法,R245-0
研究方法,R245-3
经络与孔穴,[R245.2]
针法,R245.3
灸法,R245.8
穴位疗法（经络疗法）,R245.9
针灸疗法临床应用,R246
食物毒、腐肉毒及其细菌产物,R996.1
植物毒,R996.2
动物毒,R996.3
临床毒理学,R994.1
分子毒理学,R994.2
工业毒理学,R994.3
药物毒理学,R994.39
食品毒理学,R994.4
昆虫毒理学,R994.5
环境毒理学,R994.6
军事毒理学,[R994.7]
放射性毒理学,[R994.8]
化学因素,R730.231+.1
物理因素,R730.231+.2
生物因素,R730.231+.3
内分泌因素,R730.231+.4
精神因素,R730.231+.5
其他因素,R730.231+.9
医案、医话汇编,R249.1
个人医案、医话,R249.2/.7
专科医案、医话,[R249.8]
脉学,R241.1
四诊,R241.2
八纲辨证,R241.3
动脉肿瘤,R732.2+1
静脉肿瘤,R732.2+2
毛细血管肿瘤,R732.2+3
出血与止血⑨,R619+.1
手术后血栓与栓塞⑨,R619+.2
手术后感染⑨,R619+.3
手术后水、电解质代谢失调⑨,R619+.4
手术创伤⑨,R619+.5
瘢痕⑨,R619+.6
其他⑨,R619+.9
病因辨证,R241.4
六经辨证,R241.5
脏腑辨证,R241.6
经络辨证,R241.7
营卫气血和三焦辨证,R241.8
其他诊法,R241.9
眼睑疾病⑨,R777.1
泪器疾病⑨,R777.2
结膜疾病⑨,R777.3
眼肌疾病与斜视⑨,R777.4
眼眶疾病⑨,R777.5
注解（附本文）,R222.12
发挥（不附本文）,R222.13
辑要分类汇编,R222.14
杂论,R222.15
方论,R222.16
歌括,R222.17
图谱,R222.18
研究,R222.19
五脏,R223.1+1
六腑,R223.1+2
奇恒之腑,R223.1+3
气血津液,R223.1+4
电外科⑨,R616.1
食养、食疗,R247.1
外功,R247.3
导引、气功,R247.4
显微外科⑨,R616.2
冷冻外科⑨,R616.3
激光外科⑨,R616.4
内镜术⑨,R616.5
外科休克,R605.971
出血、止血,R605.972
人工呼吸,R605.973
心脏按摩、心脏复苏,R605.974
急救药物应用,R605.975
静脉营养,[R605.979]
麻醉学原理⑨,R614.1
全身麻醉⑨,R614.2
局部麻醉⑨,R614.3
传导麻醉（神经阻滞麻醉）⑨,R614.4
拟胆碱药,R971+.91
抗胆碱药,R971+.92
拟肾上腺素药,R971+.93
抗肾上腺素药,R971+.94
抗精神分裂症药,R971+.41
抗躁狂抑郁症药,R971+.43
白内障⑨,R776.1
晶体移位⑨,R776.2
无晶体眼⑨,R776.3
玻璃体疾病⑨,R776.4
艾灸,R245.81
药灸,R245.82
内科,R246.1
外科、针刺麻醉法,R246.2
妇产科,R246.3
小儿科,R246.4
肿瘤科,R246.5
神经精神病科,R246.6
皮肤病、性病科,R246.7
五官科,R246.8
其他,R246.9
各种针刺疗法,R245.31
区系针刺疗法,R245.32
针灸用器械与仪器,R245-33
穴位埋藏疗法,R245.9+1
穴位刺激结扎疗法,R245.9+3
穴位注射疗法,R245.9+5
穴位电流疗法,R245.9+7
其他,R245.9+9
脉经,R241.11
脉诀,R241.13
其他,R241.19
青光眼的早期诊断⑨,R775.1
原发性青光眼⑨,R775.2
继发性青光眼⑨,R775.3
先天性青光眼⑨,R775.4
低眼压青光眼⑨,R775.5
其他⑨,R775.9
中草药麻醉,R243.2
色诊,R241.24
舌诊,R241.25
腹诊,R241.26
其他,R241.29
推拿、按摩、捏积,R244.1
拔罐疗法,R244.3
刮痧、拧痧,R244.4
割治、挑治,R244.5
埋藏疗法,R244.8
其他外治法,R244.9
一般检查及眼内部检查法,R770.41
眼机能检查法,R770.42
特殊检查法（电气诊断）,R770.43
精神病治疗学,R749.05
脑器质性精神障碍⑨,R749.1
躯体疾病伴发精神障碍⑨,R749.2
精神分裂症⑨,R749.3
斜视⑨,R777.4+1
复视⑨,R777.4+2
隐斜视⑨,R777.4+3
弱视⑨,R777.4+4
眼肌麻痹⑨,R777.4+5
眼球震颤⑨,R777.4+6
情感性精神病⑨,R749.4
反应性精神障碍⑨,R749.5
中毒性精神障碍⑨,R749.6
神经官能症⑨,R749.7
偏执性精神病⑨,R749.8
人格障碍⑨,R749.91
心身疾病⑨,R749.92
精神发育不全⑨,R749.93
儿童精神病⑨,R749.94
其他精神病⑨,R749.99
神经病理学、病因学,R741.02
泪腺疾病⑨,R777.2+1
泪管疾病⑨,R777.2+2
泪囊疾病⑨,R777.2+3
神经病诊断学,R741.04
神经病治疗学,R741.05
脑部疾病⑨,R742
脑血管疾病⑨,R743
脊髓疾病⑨,R744
周围神经及神经节疾病⑨,R745
神经肌肉疾病⑨,R746
植物性神经系疾病⑨,R747
并发神经病⑨,R747.9
儿童神经病⑨,R748
脊髓麻醉法⑨,R614.4+1
硬脊膜外阻滞麻醉⑨,R614.4+2
吸入全身麻醉法⑨,R614.2+1
肌肉基础麻醉法⑨,R614.2+2
直肠麻醉法⑨,R614.2+3
静脉麻醉法⑨,R614.2+4
低温麻醉法⑨,R614.2+5
低血压麻醉法⑨,R614.2+6
综合麻醉法⑨,R614.2+7
眼睑炎⑨,R777.1+1
眼腺疾病⑨,R777.1+2
眼腺与睑板腺疾病⑨,R777.1+3
眼皮疾病⑨,R777.1+4
睑与睫毛位置异常⑨,R777.1+5
眼睑萎缩⑨,R777.1+6
结膜炎⑨,R777.31
沙眼⑨,R777.32
翼状胬肉⑨,R777.33
结膜干燥病⑨,R777.34
毫针（体针疗法）,R245.31+1
其他⑨,R777.39
三棱针（放血疗法）,R245.31+2
皮肤针,R245.31+3
皮内针,R245.31+4
温针,R245.31+5
火针,R245.31+6
其他,R245.31+9
梅毒⑨,R759.1
淋病⑨,R759.2
软体下疳⑨,R759.3
腹股沟肉芽肿⑨,R759.4
性病淋巴肉芽肿⑨,R759.5
头针,R245.32+1
耳针,R245.32+3
其他,R245.32+9
封闭麻醉法⑨,R614.3+1
浸润麻醉法⑨,R614.3+2
各部位推拿、按摩,R244.13
各科病的推拿、按摩疗法,R244.15
皮肤病治疗学,R751.05
儿童龋齿⑨,R788+.1
病毒性皮肤病⑨,R752
球菌性皮肤病(脓皮病)⑨,R753
杆菌性皮肤病⑨,R754
麻风病⑨,R755
真菌性皮肤病⑨,R756
寄生虫、昆虫性皮肤病⑨,R757
牙科材料学⑨,R783.1
口腔工艺学⑨,R783.2
口腔颌面部外科手术学,R782.05
牙及牙槽骨外科⑨,R782.1
儿童牙髓病⑨,R788+.2
儿童牙周病⑨,R788+.3
儿童牙损伤⑨,R788+.4
儿童乳牙缺失⑨,R788+.5
电眼压描记⑨,R775.1+1
加压试验⑨,R775.1+2
诱导试验⑨,R775.1+3
物理性皮肤病⑨,R758.1
变态反应性及中毒性皮肤病⑨,R758.2
神经、精神性皮肤病（瘙痒性皮肤病）⑨,R758.3
代谢障碍性皮肤病⑨,R758.4
先天性皮肤病⑨,R758.5
原因未明的皮肤病⑨,R758.6
皮肤附属器官病⑨,R758.7
牙体缺损的修复矫治⑨,R783.3
牙列缺损及牙损伤的修复⑨,R783.4
口腔正畸学⑨,R783.5
义齿学⑨,R783.6
其他⑨,R783.9
口腔颌面部整形外科学⑨,R782.2
口腔颌面部炎症⑨,R782.3
口腔颌面部损伤⑨,R782.4
颞下颌关节疾病⑨,R782.6
涎腺外科手术⑨,R782.7
耳鼻咽喉科,R246.81
眼科,R246.82
口腔科,R246.83
治疗学,R781.05
龋齿⑨,R781.1
非龋性牙疾病⑨,R781.2
牙髓病及根尖周围病⑨,R781.3
牙周病⑨,R781.4
口腔粘膜病⑨,R781.5
药源性精神障碍⑨,R749.6+1
躁狂抑郁症（躁郁症）⑨,R749.4+1
更年期忧郁症⑨,R749.4+2
神经衰弱⑨,R749.7+1
焦虑症⑨,R749.7+2
癔症⑨,R749.7+3
其他⑨,R749.7+9
系统疾病的口腔表现⑨,R781.6
唾液腺（涎腺）疾病⑨,R781.7
口腔脓毒病（口腔病灶感染）⑨,R781.8
其他口腔疾病⑨,R781.9
酒精性精神障碍⑨,R749.6+2
一氧化碳中毒性精神障碍⑨,R749.6+3
其他⑨,R749.6+9
感染伴发精神障碍⑨,R749.2+1
内脏疾病伴发精神障碍⑨,R749.2+3
内分泌疾病伴发精神障碍⑨,R749.2+4
代谢疾病伴发精神障碍⑨,R749.2+5
其他⑨,R749.2+9
颅内感染伴发精神障碍⑨,R749.1+1
颅脑损伤伴发精神障碍⑨,R749.1+2
脑血管疾病伴发精神障碍⑨,R749.1+3
脑肿瘤伴发精神障碍⑨,R749.1+4
脑变性及脱髓鞘病伴发精神障碍⑨,R749.1+5
老年及早老性精神障碍⑨,R749.1+6
癫痫性精神障碍⑨,R749.1+7
偏头痛⑨,R747.2
阵发性肢端动脉痉挛病（雷诺Raynaud氏病）⑨,R747.3
红斑性肢痛症⑨,R747.4
肢端感觉异常症⑨,R747.5
其他⑨,R747.8
脑神经疾病⑨,R745.1
脊髓神经疾病⑨,R745.4
神经节疾病⑨,R745.7
重症肌无力⑨,R746.1
肌营养不良症⑨,R746.2
周期性麻痹⑨,R746.3
肌萎缩⑨,R746.4
其他⑨,R746.9
男子淋病⑨,R759.21
女子淋病⑨,R759.22
儿童淋病⑨,R759.23
其他淋菌性疾病⑨,R759.29
早期、晚期梅毒⑨,R759.1+1
潜伏梅毒⑨,R759.1+2
神经梅毒⑨,R759.1+3
隐性梅毒⑨,R759.1+4
胎传梅毒与孕妇梅毒⑨,R759.1+5
脊髓血管疾病⑨,R744.1
脊髓压迫症⑨,R744.2
脊髓炎⑨,R744.3
常见症状及其鉴别诊断,R741.041
电生理检查,R741.044
神经病定位诊断,R741.049
脊髓空洞症⑨,R744.4
脱髓鞘疾病⑨,R744.5
亚急性合并变性⑨,R744.6
遗传性共济失调⑨,R744.7
运动神经元疾病⑨,R744.8
其他⑨,R744.9
头癣⑨,R756.1
体癣、股癣、叠瓦癣⑨,R756.2
手癣、足癣⑨,R756.3
甲癣⑨,R756.4
皮肤念珠菌病⑨,R756.5
麻风病的预防,R755.01
瘤型（结节性）麻风⑨,R755.2
结核样型麻风⑨,R755.3
界线型麻风⑨,R755.4
未定型麻风⑨,R755.5
麻风合并症⑨,R755.8
皮肤深部真菌病⑨,R756.6
其他癣菌病⑨,R756.9
疥疮⑨,R757.1
虱病⑨,R757.2
螨虫皮炎⑨,R757.3
隐翅虫皮炎⑨,R757.4
桑毛虫皮炎⑨,R757.5
松毛虫皮炎⑨,R757.6
脑动脉硬化⑨,R743.1
高血压性脑病⑨,R743.2
急性脑血管疾病（中风）⑨,R743.3
脑血管畸形⑨,R743.4
癫痫⑨,R742.1
舞蹈病⑨,R742.2
大脑性瘫痪⑨,R742.3
肝豆状核变性⑨,R742.4
震颤麻痹综合征⑨,R742.5
蛛网膜炎⑨,R742.6
脑积水、脑脓肿⑨,R742.7
大脑发育异常⑨,R742.8
类丹毒⑨,R754.1
皮肤炭疽（疔毒）⑨,R754.2
鼻疽⑨,R754.3
其他⑨,R754.9
其他⑨,R757.9
其他⑨,R743.9
智齿冠周炎⑨,R782.3+1
颌骨骨髓炎⑨,R782.3+2
唾液分泌障碍⑨,R781.7+1
涎腺炎⑨,R781.7+2
腮腺气肿⑨,R781.7+3
假性腮腺炎⑨,R781.7+4
涎腺结石病⑨,R781.7+5
涎瘘⑨,R781.7+6
米库利兹（Mikuliez）氏病⑨,R781.7+7
传染病⑨,R781.6+1
血液病⑨,R781.6+2
内分泌疾病⑨,R781.6+3
糖尿病⑨,R781.6+4
脓疱疮⑨,R753.1
新生儿剥脱性皮炎、新生儿天疱疮⑨,R753.2
创伤性溃疡⑨,R781.5+1
营养缺乏症⑨,R781.6+5
中毒⑨,R781.6+6
过敏性疾病⑨,R781.6+7
毛囊炎⑨,R753.3
深脓疱疮⑨,R753.4
丹毒⑨,R753.5
坏死性皮炎⑨,R753.6
慢性溃疡性脓皮病⑨,R753.7
其他⑨,R753.9
细菌性口炎⑨,R781.5+2
病毒性口炎⑨,R781.5+3
真菌性口炎⑨,R781.5+4
唇疾病⑨,R781.5+6
舌疾病⑨,R781.5+7
其他⑨,R781.5+9
牙髓炎⑨,R781.31
牙髓变性⑨,R781.32
根管疾病,{R781.33}
根尖周围疾病⑨,R781.34
龈缘炎与牙龈炎⑨,R781.4+1
牙周炎与周膜炎⑨,R781.4+2
牙周变性⑨,R781.4+3
牙周萎缩⑨,R781.4+4
牙周损伤⑨,R781.4+5
牙垢及色素沉着⑨,R781.4+6
颞下颌关节强直⑨,R782.6+1
颞下颌关节脱位⑨,R782.6+2
颞下颌关节功能障碍⑨,R782.6+3
三叉神经疾病⑨,R745.1+1
面神经疾病⑨,R745.1+2
舌咽迷走、副神经及舌下神经疾病⑨,R745.1+3
唇裂及其修复术⑨,R782.2+1
腭裂及其修复术⑨,R782.2+2
颌骨畸形及其修复术⑨,R782.2+3
毛发疾病⑨,R758.71
爪甲疾病⑨,R758.72
口腔颌面组织移植术⑨,R782.2+4
唇颊部缺损及其修复术⑨,R782.2+5
面颊部软组织畸形及其修复术⑨,R782.2+6
胎儿梅毒⑨,R759.1+51
早期胎传梅毒⑨,R759.1+52
迟发性胎传梅毒⑨,R759.1+53
孕妇梅毒⑨,R759.1+54
臂丛神经炎⑨,R745.4+1
坐骨神经痛⑨,R745.4+2
急性多发性神经根炎⑨,R745.4+3
皮脂腺疾病⑨,R758.73
汗腺疾病⑨,R758.74
多发性神经炎⑨,R745.4+4
其他⑨,R745.4+9
红斑⑨,R758.61
局限型、盘状红斑狼疮⑨,R758.62
牛皮癣（银屑病）⑨,R758.63
玫瑰糠疹⑨,R758.64
扁平苔癣⑨,R758.65
大疱性皮肤病⑨,R758.66
红皮病⑨,R758.67
其他⑨,R758.69
多发性硬化⑨,R744.5+1
视神经脊髓炎⑨,R744.5+2
急性播散性脑脊髓炎⑨,R744.5+3
痣⑨,R758.5+1
鱼鳞病⑨,R758.5+2
掌角化病⑨,R758.5+3
先天性色素异常症⑨,R758.5+4
先天性皮肤形线异常⑨,R758.5+5
先天性皮肤萎缩症⑨,R758.5+6
先天性大理石样皮肤⑨,R758.5+7
着色性干皮病⑨,R758.5+8
其他⑨,R758.5+9
间脑疾病⑨,R742.8+1
小脑疾病⑨,R742.8+2
其他⑨,R742.8+9
职业性皮肤病⑨,R758.21
接触性皮炎（毒物性皮炎）⑨,R758.22
湿疹⑨,R758.23
荨麻疹⑨,R758.24
药物性皮炎（药疹）⑨,R758.25
其他⑨,R758.29
短暂性脑缺血⑨,R743.31
脑血栓形成⑨,R743.32
脑栓塞⑨,R743.33
脑出血⑨,R743.34
蛛网膜下腔出血⑨,R743.35
白癜风（白斑病）⑨,R758.4+1
黄褐斑⑨,R758.4+2
雀斑⑨,R758.4+3
皮肤瘙痒症⑨,R758.3+1
神经性皮炎⑨,R758.3+2
皮肤知觉异常⑨,R758.3+3
婴儿坏死性皮炎⑨,R753.6+1
颜面下疳样脓皮病⑨,R753.6+2
侵蚀性龟头炎⑨,R753.6+3
单纯性毛囊炎⑨,R753.3+1
秃发性毛囊炎⑨,R753.3+2
坏死性毛囊炎⑨,R753.3+3
头部脓疡性毛囊周围炎⑨,R753.3+4
头部乳头状皮炎⑨,R753.3+5
冻疮⑨,R758.11
痱子（红色粟粒疹）⑨,R758.12
放射线皮炎⑨,R758.13
日光皮炎（晒斑）⑨,R758.14
胼胝、鸡眼⑨,R758.15
其他⑨,R758.19
根尖周围炎⑨,R781.34+1
根尖脓肿⑨,R781.34+2
根尖囊肿⑨,R781.34+3
根尖肉芽肿⑨,R781.34+4
致密性骨炎⑨,R781.34+5
牙齿摘除术（拔牙术）⑨,R782.11
牙齿的移植与再植⑨,R782.12
牙槽骨外科⑨,R782.13
检查法,R782.05+1
消毒法与无菌术,R782.05+2
手术前后处理,R782.05+3
麻醉学,R782.05+4
疱疹⑨,R752.1
种痘并发症⑨,R752.2
疣⑨,R752.5
其他⑨,R752.9
药物疗法,R749.053
休克疗法,R749.054
心理疗法,R749.055
工娱疗法,R749.056
视力检查,R770.42+1
视野检查,R770.42+2
催眠疗法,R749.057
其他疗法,R749.059
色觉检查,R770.42+3
光觉检查,R770.42+4
双眼视机能及弱视检查法,R770.42+5
眼压检查法,R770.42+6
气管、支气管镜检查术⑨,R768.1
食管镜检查术⑨,R768.3
气管与食管异物取出术⑨,R768.4
诊断学,R767.04
喉部疾病⑨,R767.1
喉关节疾病⑨,R767.2
喉软骨疾病⑨,R767.3
声带疾病⑨,R767.4
会厌疾病⑨,R767.5
喉神经系疾病⑨,R767.6
喉畸形⑨,R767.7
喉部损伤与异物⑨,R767.8
喉部外科手术⑨,R767.91
嗓音医学、语言医学⑨,R767.92
臭汗症（腋臭）⑨,R758.74+1
血汗及尿汗症⑨,R758.74+2
多汗症⑨,R758.74+3
出汗困难症⑨,R758.74+4
汗管周围炎⑨,R758.74+5
化脓性汗腺炎⑨,R758.74+6
皮脂溢出症⑨,R758.73+1
皮脂溢性皮炎⑨,R758.73+2
寻常痤疮（粉刺）⑨,R758.73+3
酒糟鼻⑨,R758.73+4
其他⑨,R758.73+9
诊断学,R766.04
一般性疾病⑨,R766.1
咽神经系疾病⑨,R766.2
鼻咽部疾病⑨,R766.3
口咽部疾病⑨,R766.4
喉咽部疾病⑨,R766.5
咽部畸形⑨,R766.7
咽部损伤与异物⑨,R766.8
咽部外科手术⑨,R766.9
诊断学,R765.04
外鼻疾病⑨,R765.1
鼻腔疾病⑨,R765.2
鼻中膈疾病⑨,R765.3
鼻窦疾病⑨,R765.4
鼻原性并发症⑨,R765.5
鼻神经系疾病⑨,R765.6
鼻部畸形⑨,R765.7
鼻部外伤与异物⑨,R765.8
鼻部外科手术⑨,R765.9
诊断学,R764.04
外耳疾病⑨,R764.1
中耳疾病⑨,R764.2
内耳疾病⑨,R764.3
耳神经系疾病⑨,R764.4
病理听力学及助听器⑨,R764.5
耳部畸形⑨,R764.7
耳部损伤与异物⑨,R764.8
耳部外科手术⑨,R764.9
国家药典,R921
副药典,R922
国家药方集,R924
处方集,R925
药物规范,R926
药物鉴定,R927
药物数学,R911
药物物理学,R912
药物物理化学,R913
药物化学,R914
药物生物学,R915
医学心理学,R395.1
病理心理学,R395.2
神经病与心理,[R395.3]
精神病与心理,[R395.4]
心理治疗法,[R395.5]
心理卫生,R395.6
其他,R395.9
遗传学研究方法,R394-3
发育遗传学（发生遗传学）、生理遗传学,[R394.1]
细胞遗传学,[R394.2]
分子遗传学、生化遗传学,[R394.3]
免疫遗传学,[R394.4]
群体遗传学,[R394.5]
药物遗传学与遗传毒理学,R394.6
辐射遗传学,[R394.7]
医学遗传工程,R394.8
研究方法,R392-3
免疫生物学,R392.1
免疫遗传学,R392.2
免疫病理学,R392.3
移植免疫学,R392.4
免疫药理学,[R392.5]
内分泌免疫学,R392.6
生殖免疫学,R392.69
免疫血清学,R392.7
变态反应及过敏性反应,R392.8
其他医学免疫学,R392.9
医学原虫学,R382
医学蠕虫学,R383
医学昆虫学,R384
病原微生物分类与鉴定,R372
人体病毒学（致病病毒）,R373
衣原体属,R374
支原体属,R375
立克次（Ricketts）氏体属,R376
螺旋体属,R377
病原细菌,R378
放线菌与病原真菌（霉菌）,R379
病理解剖学与组织学,R361
病理化学,R362
病理生理学,R363
病理过程,R364
临床病理学（系统及内脏病理学）,R365
疾病的分类与命名,R366
人体胚胎学（人体胎生学、发生学）,R321
人体解剖学,R322
人体组织学,R329
生理学研究方法,R33-3
血液与循环生理,R331
呼吸生理,R332
消化与吸收生理,R333
排泄生理,R334
内分泌生理,R335
骨骼生理学,R336
肌肉生理学,R337
神经生理学,R338
感觉器官生理学,R339.1
医用数学,R311
医用物理学,R312
医用化学,R313
医用仿生学,R314
生殖（性）生理,R339.2
发育及年龄生理,R339.3
运动生理,[R339.4]
特殊环境生理、生态生理,R339.5
能量代谢与体温,R339.6
生物医学工程,R318
其他科学技术在医学上的应用,R319
寻常疣⑨,R752.5+1
扁平疣⑨,R752.5+2
尖锐湿疣⑨,R752.5+3
掌蹠疣⑨,R752.5+4
传染性软疣⑨,R752.5+5
疣性表皮发育不良⑨,R752.5+6
挤奶员结节⑨,R752.5+7
单纯疱疹⑨,R752.1+1
带状疱疹⑨,R752.1+2
痘疹状发疹（疱疹性湿疹）⑨,R752.1+3
方针、政策及其阐述,R19-0
卫生医务人员,R192
卫生普及及健康教育,R193
卫生标准、卫生检查、医药管理,R194
卫生调查与统计,R195
医疗卫生制度与机构,R197
各国卫生保健事业概况,R199
食管损伤⑨,R768.3+1
食管内异物⑨,R768.3+2
喉炎⑨,R767.11
喉水肿⑨,R767.12
喉梗阻（喉性呼吸困难）⑨,R767.13
其他⑨,R767.19
喉部感觉性疾病⑨,R767.6+1
喉部运动（瘫痪）性疾病⑨,R767.6+2
喉部痉挛性疾病⑨,R767.6+3
喉部功能性疾病（发音障碍）⑨,R767.6+4
喉神经痛⑨,R767.6+5
声带小结（结节性声带炎）⑨,R767.4+1
接触性溃疡⑨,R767.4+2
喉肌弱症⑨,R767.4+3
声门下疾病⑨,R767.4+4
悬雍垂病⑨,R766.43
其他⑨,R766.49
急性、慢性鼻窦炎⑨,R765.4+1
上颌窦炎⑨,R765.4+2
额窦炎⑨,R765.4+3
蝶窦炎⑨,R765.4+4
外耳手术⑨,R764.9+1
中耳手术⑨,R764.9+2
内耳手术⑨,R764.9+3
药物设计,{R914.2}
无机药物化学,R914.3
有机药物化学,R914.4
有机合成药物化学,R914.5
药物检验,R927.1
药物含量测定,R927.2
中国药典,R921.2
各国药典,R921.3/.7
遗传学实验,R394-33
蚊、白蛉,R384.1
蝇、虻,R384.2
虱、臭虫、蚤,R384.3
螨、蜱,R384.4
蚋、蠓,R384.5
其他,R384.9
斑疹伤寒群立克次氏体,R376+.1
恙虫病立克次氏体,R376+.2
斑点热群立克次氏体,R376+.3
Q热立克次氏体,R376+.4
五日热立克次氏体,R376+.5
病因学,R363.1
发病学,R363.2
人体组织学研究方法,R329-3
人体组织胚胎学（发生学）,R329.1
人体细胞学,R329.2
人体组织生理学（机能组织学）,R329.3
人体器官组织学（显微解剖学、组织解剖学）,R329.4
口腔与食管生理,R333.1
胃生理,R333.2
肠生理,R333.3
肝脏生理,R333.4
消化与吸收,R333.5
新陈代谢,R333.6
理论,R318.0
人工脏器与器官,R318.1
生物医学工程的其他分支,R318.5
仪器、设备,R318.6
风土驯化,R339.5+1
热带气候与人类的关系,R339.5+2
干燥及沙漠气候与人类的关系,R339.5+3
高山气候与人类的关系,R339.5+4
寒冷气候与人类的关系,R339.5+5
潮湿气候与人类的关系,R339.5+6
辐射线的生理作用,R339.5+7
儿童、少年期、青年期,R339.31
中年期,R339.33
老年期,R339.34
发育（生长）,R339.3+5
寿命,R339.3+6
机体再生,R339.3+7
衰老,R339.3+8
死亡,R339.3+9
男性生殖器官生理,R339.2+1
女性生殖器官生理,R339.2+2
乳腺的生理,R339.2+3
医疗服务制度,R197.1
疾病预防控制组织,R197.2
医院、综合医院,R197.3
中医院,R197.4
专科医院,R197.5
其他医疗卫生机构,R197.6
疗养院、休养所、康复医疗机构,R197.7
医疗队,R197.8
卫生统计学,R195.1
身体发育的调查与统计,R195.2
寿命的调查与统计,R195.3
疾病的调查与统计,R195.4
卫生检查设备、仪器,R194.2
健康检查（体格检查）,R194.3
清洁检查,R194.4
医药卫生用品检查,R194.5
日用商品卫生检查,R194.7
组织与方法,R193.2
医药卫生的公众性活动,R193.3
卫生健康教育组织与机构,R193.8
医生,R192.3
保健员、卫生员,R192.5
护士,R192.6
助产士,R192.7
药剂员,R192.8
其他,R192.9
卫生保健法规,[R19-019]
皮肤感受器,R339.11
嗅觉,R339.12
味觉,R339.13
视觉,R339.14
听觉,R339.16
内感受器,R339.17
其他感受器,R339.19
神经元生理学,R338.1
中枢神经系统生理学,R338.2
感觉的中枢活动规律,R338.3
运动的中枢活动规律,R338.4
植物神经系统生理学,R338.5
高级神经功能,R338.6
周围神经系统生理学,R338.7
神经电生理学,R338.8
肌肉的新陈代谢,R337.1
肌肉的收缩,R337.2
神经的传导,{R337.3}
肌肉的兴奋和抑制,R337.4
肌电生理学,R337.5
药物质量检验,R927.11
药物中热原检查,R927.12
垂体生理,R335+.1
甲状腺生理,R335+.2
甲状旁腺生理,R335+.3
肾上腺生理,R335+.4
性腺生理,R335+.5
胰岛生理,R335+.6
其他器官内分泌生理,R335+.9
肾脏生理,R334+.1
输尿管生理,R334+.2
膀胱生理,R334+.3
尿的生成和排泄,R334+.4
皮肤的生理,R334+.5
呼吸运动,R332.1
呼吸器官生理,R332.2
呼吸调节,R332.3
生理声学（语言与发音的生理）,[R332.8]
疾病发生和发展的基本原理,R363.2+1
机体的防御机能和代偿作用原理,R363.2+2
疾病的分期与转归,R363.2+3
遗传在病理学上的意义,R363.2+5
体质在病理学上的意义,R363.2+6
机体的反应性,R363.2+7
细胞的形成及演化,R329.2+1
细胞遗传学,[R329.2+3]
细胞形态学,R329.2+4
细胞生理学,R329.2+5
细胞生物化学,R329.2+6
细胞生物物理学,R329.2+7
细胞生物学,R329.2+8
组织学技术,R329-33
光、激光生物医学,R318.51
低温生物医学,R318.52
心脏血管系,R318.11
造血器官、淋巴系,R318.12
呼吸系,R318.13
消化系,R318.14
内分泌腺,R318.15
泌尿生殖系,R318.16
运动器官,R318.17
感官,R318.18
其他,R318.19
生物力学,R318.01
生物的质量传递,R318.02
生物的能量传递,R318.03
生物信息、生物控制,R318.04
移植免疫学,[R318.06]
生物材料学,R318.08
机械性因素,R363.1+1
物理性因素,R363.1+2
化学因素,R363.1+3
生物因素,R363.1+4
精神因素,R363.1+5
环境（社会）因素,R363.1+6
医源性因素,R363.1+7
社区医院、保健站、卫生所、急救站,R197.61
农村医疗卫生机构,R197.62
企事业单位医疗卫生机构,R197.63
妇幼保健站,R197.64
各科疾病防治所、防治站,R197.65
规章制度,R197.31
组织与管理,R197.32
医院设备与卫生设施,R197.38
医疗器械与设备,R197.39
疾病预防控制中心,R197.2+1
工业卫生组织,R197.2+2
卫生防疫队,R197.2+3
群众性疾病预防控制组织,R197.2+4
生理学实验和技术,R33-33
血液,R331.1
造血机能（网状内皮系统的机能）,R331.2
血液循环,R331.3
淋巴及其循环,R331.4
其他体液生理,R331.5
人体胚胎学研究方法,R321-3
生殖细胞,R321.1
受精、卵裂,R321.2
条件反射,R338.61
大脑皮质的抑制,R338.62
觉醒与睡眠,R338.63
记忆,R338.64
人体解剖学研究方法,R322-3
解剖学参考工具书,R322-6
心脏血管系,R322.1
造血器官、淋巴系,R322.2
呼吸系,R322.3
消化系,R322.4
内分泌腺,R322.5
植入（着床）,R321.3
胚层、胎膜、胎盘的形成,R321.4
人体各部位胚胎学,R321.5
畸形学,R321.6
脊髓的机能,R338.2+1
延脑、中脑、网状结构的机能,R338.2+2
小脑的机能,R338.2+3
泌尿生殖系,R322.6
运动器官,R322.7
神经系,R322.8
感觉器官,R322.9
皮肤,R322.99
局部解剖学,R323
解剖生理学（功能解剖学、机能解剖学）,R324
丘脑的机能,R338.2+4
大脑皮层的机能,R338.2+5
边缘系统的机能,R338.2+6
下丘脑的机能,R338.2+7
神经纤维的生理,R338.1+1
树突生理,R338.1+2
红外线感受器,{R339.19+1}
侧线感受器,{R339.19+2}
渗透压感受器,{R339.19+3}
突触生理,R338.1+3
眼的生理,R339.14+1
生理光学,R339.14+2
眼球光学,R339.14+3
视色素的光化学,R339.14+4
视知觉,R339.14+5
视觉系统神经生理学,R339.14+6
机械感受器,{R339.17+1}
化学感受器,{R339.17+2}
肌肉与肌腱感受器,{R339.17+3}
神经因素,R363.2+71
体液因素,R363.2+72
年龄因素,R363.2+73
外界因素,R363.2+74
循环障碍,R364.1
物质代谢和营养障碍,R364.2
组织生长病理学,R364.3
窒息、缺氧,R364.4
炎症,R364.5
前庭器官（迷路）,{R339.17+4}
病理解剖学,R361+.1
病理组织学,R361+.2
细胞病理学,R361+.3
放线菌,R379.1
皮肤丝状菌,R379.2
芽生菌,R379.3
念珠菌,R379.4
隐球菌,R379.5
曲菌,R379.6
其他,R379.9
体温调节的障碍,R364.6
免疫病理学,[R364.7]
球菌,R378.1
肠道杆菌,R378.2
弧菌属与弯曲菌属,R378.3
嗜血杆菌属,R378.4
布鲁氏（Bruce）杆菌,R378.5
梅毒螺旋体,R377+.1
回归热螺旋体,R377+.2
雅司螺旋体,R377+.3
奋森（Vincent）螺旋体,R377+.4
钩端螺旋体,R377+.5
鼠咬热病原体,R377+.6
巴斯德（Pasteur）氏杆菌属,R378.6
需氧芽胞杆菌属,R378.7
梭状芽胞杆菌属（厌氧杆菌）,R378.8
分枝杆菌属,R378.91
其他,R378.99
生物膜,R318.021
放射线,R363.1+21
光能,R363.1+22
温度,R363.1+23
电能,R363.1+24
气压,R363.1+25
组织领导,R197.321
行政管理,R197.322
业务管理,R197.323
医院自动化管理,R197.324
唾液支原体,R375+.1
肺炎支原体,R375+.2
其他,R375+.3
物理性质,R331.1+1
血液总量,R331.1+2
血液的呼吸机能,R331.1+3
血液细胞,R331.1+4
心脏的机能,R331.3+1
血管的机能,R331.3+2
动脉的机能,{R331.3+3}
静脉的机能,{R331.3+4}
微循环,{R331.3+5}
心血管的调节,R331.3+6
器官循环,R331.3+7
心电生理学,R331.3+8
体液的酸碱平衡,R331.5+1
体液的分布和调节,R331.5+2
组织间隙液,R331.5+3
脑脊髓液,R331.5+4
各种体腔液,R331.5+5
眼房水,R331.5+6
实验人体胚胎学,R321-33
解剖学实验,R322-33
解剖标本制作技术,R322-34
肾,R322.6+1
膀胱,R322.6+2
输尿管、尿道,R322.6+3
男性生殖器,R322.6+4
女性生殖器,R322.6+5
女性乳房,{R322.6+6}
头颈部,R323.1
胸部、胸廓部,R323.2
腹部、腰部,R323.3
躯干,R323.4
盆部,R323.5
会阴部,R323.6
四肢,R323.7
甲状腺,R322.5+1
甲状旁腺,R322.5+2
胸腺,R322.5+3
垂体,R322.5+4
松果体,R322.5+5
肾上腺,R322.5+6
胰岛,R322.5+7
表皮、真皮,R322.99+1
粘膜,R322.99+2
皮腺,R322.99+3
指（趾）甲,R322.99+4
毛发,R322.99+5
眼,R322.9+1
肥大及增生,R364.3+1
硬化,R364.3+2
病理性再生,R364.3+3
耳（听觉器及位器）,R322.9+2
位平衡器（前庭）,{R322.9+3}
嗅觉器,R322.9+4
味觉器,R322.9+5
触觉器,R322.9+6
深部感觉器,R322.9+7
沙眼衣原体与淋巴肉芽肿衣原体,R374+.1
萎缩,R364.2+1
组织营养障碍,R364.2+2
鹦鹉热衣原体,R374+.2
其他,R374+.3
色素沉着,R364.2+3
变性及浸润,R364.2+4
结石,R364.2+5
坏死,R364.2+6
神经解剖学研究方法,R322.8-3
中枢神经系,R322.81
周围神经系,R322.85
假单胞菌属,R378.99+1
乳杆菌,R378.99+2
念球状链杆菌,R378.99+3
单核球增多性李斯特氏菌,R378.99+4
充血、淤血,R364.1+1
小芽胞癣菌,R379.2+1
毛发癣菌,R379.2+2
表皮癣菌,R379.2+3
红斑丹毒丝菌,R378.99+5
组织缺血,R364.1+2
出血,R364.1+3
休克、晕厥、虚脱,R364.1+4
血栓形成,R364.1+5
破伤风（梭）杆菌,R378.8+1
气性坏疽（梭）杆菌,R378.8+2
肉毒（梭）杆菌,R378.8+3
结核分枝杆菌,R378.91+1
麻风分枝杆菌,R378.91+2
肺炎克雷白氏杆菌,R378.99+6
溃疡,R364.1+6
梗塞,R364.1+7
淋巴循环障碍,R364.1+8
其他体液循环障碍,R364.1+9
鼠疫杆菌,R378.6+1
土拉弗朗丝菌,R378.6+2
马鼻疽杆菌,R378.6+3
白喉（棒状）杆菌,R378.7+1
炭疽杆菌,R378.7+2
红细胞及血红蛋白,R331.1+41
嗜血性流行性感冒杆菌,R378.4+1
埃希菌属,R378.2+1
沙门氏菌属,R378.2+2
伤寒杆菌,{R378.2+3}
副伤寒杆菌,{R378.2+4}
马耳他布鲁氏杆菌,R378.5+1
流产布鲁氏杆菌,R378.5+2
猪布鲁氏杆菌,R378.5+3
白细胞,R331.1+42
血小板,R331.1+43
淋巴细胞,R331.1+44
百日咳杆菌,R378.4+2
杜克雷（Ducrey）氏嗜血杆菌（软性下疳杆菌）,R378.4+3
其他嗜血杆菌,R378.4+9
痢疾杆菌属（志贺（Shiga）氏菌属）,R378.2+5
口腔,R322.4+1
咽,R322.4+2
葡萄球菌,R378.1+1
链球菌,R378.1+2
肺炎双球菌,R378.1+4
骨,R322.7+1
关节,R322.7+2
韧带,R322.7+3
肌肉,R322.7+4
背部,R323.4+1
肩部,R323.4+2
腰骶部,R323.4+3
臀部,R323.4+4
髋骨部,R323.4+5
骶尾部,R323.4+6
上肢,R323.7+1
下肢,R323.7+2
食管,R322.4+3
胃,R322.4+4
肠,R322.4+5
肛门、括约肌,R322.4+6
肝,R322.4+7
胆,R322.4+8
胰腺,R322.4+91
腹膜、腹膜腔,R322.4+92
网膜,{R322.4+93}
系膜,{R322.4+94}
脑膜炎双球菌,R378.1+5
淋病双球菌,R378.1+6
胸壁,R323.2+1
纵膈,R323.2+2
乳房,R323.2+3
锁骨部,R323.2+4
胸骨部,R323.2+5
乳房下部,R323.2+6
鼻,R322.3+1
喉,R322.3+2
气管,R322.3+3
支气管,R322.3+4
肺,R322.3+5
胸膜,R322.3+6
纵膈,[R322.3+7]
腹壁,R323.3+1
腹股沟,R323.3+2
腰区,R323.3+3
骨盆底,R323.3+4
脾,R322.2+1
副脾,{R322.2+2}
脾囊,{R322.2+4}
淋巴结（淋巴腺）,R322.2+5
淋巴管,R322.2+6
各部位淋巴结及淋巴管,R322.2+7
外耳,R322.9+21
中耳,R322.9+22
内耳,R322.9+23
心脏,R322.1+1
血管,R322.1+2
解剖学图表,R322-64
神经解剖学技术,R322.8-33
线虫,R383.1
吸虫,R383.2
绦虫,R383.3
呼吸道传染性病毒,R373.1
肝炎病毒与肠道病毒,R373.2
节肢动物传播的病毒（虫媒病毒）,R373.3
其他病毒,R373.9
脾的机能,R331.2+1
骨髓的机能,R331.2+2
变形虫（阿米巴）,R382.1
鞭毛虫,R382.2
孢子虫,R382.3
纤毛虫,R382.4
弓形体,R382.5
其他原虫,R382.9
免疫病理解剖学（免疫组织病理学）,R392.31
免疫病理生理学,R392.32
免疫分子遗传学,R392.21
免疫分子生物学（免疫化学）,R392.11
免疫细胞生物学,R392.12
免疫分子遗传学,{R392.13}
免疫学技术、设备及实验方法,R392-33
外耳损伤⑨,R764.8+1
中耳损伤⑨,R764.8+2
内耳损伤⑨,R764.8+3
外耳畸形⑨,R764.7+1
中耳畸形⑨,R764.7+2
内耳畸形⑨,R764.7+3
听神经炎⑨,R764.41
听神经麻痹症⑨,R764.42
耳聋⑨,R764.43
聋哑病⑨,R764.44
耳鸣⑨,R764.45
耳硬化症⑨,R764.32
膜迷路积水（美尼尔Meniere氏综合征）⑨,R764.33
迷路疾病⑨,R764.34
耳蜗疾病⑨,R764.35
中耳炎⑨,R764.21
乳突炎⑨,R764.22
中耳炎合并症⑨,R764.23
其他⑨,R764.29
外耳道炎⑨,R764.1+1
外耳道耵聍栓塞⑨,R764.1+2
外耳皮炎及湿疹⑨,R764.1+3
外耳道疖肿⑨,R764.1+4
耳部带状疱疹⑨,R764.1+5
嗅觉丧失⑨,R765.6+1
嗅觉过敏⑨,R765.6+2
嗅觉障碍⑨,R765.6+3
鼻神经痛⑨,R765.6+4
眼眶内感染⑨,R765.5+1
颅骨骨髓炎⑨,R765.5+2
上颌骨髓炎⑨,R765.5+3
鼻中膈偏曲⑨,R765.3+1
鼻中膈脓肿⑨,R765.3+2
鼻中膈血肿⑨,R765.3+3
鼻中膈穿孔⑨,R765.3+4
鼻中膈溃疡⑨,R765.3+5
鼻炎⑨,R765.21
鼻特异性炎症⑨,R765.22
鼻出血⑨,R765.23
脑脊液鼻漏⑨,R765.24
鼻粘膜疾病⑨,R765.25
鼻石⑨,R765.26
动脉,R322.1+21
静脉,R322.1+23
毛细血管,R322.1+24
外鼻炎症⑨,R765.11
鼻前庭疖⑨,R765.12
鼻前庭湿疹⑨,R765.13
鼻前庭须疮⑨,R765.14
裂头绦虫,R383.3+1
带绦虫,R383.3+2
棘球绦虫,R383.3+3
囊尾蚴,R383.3+4
裂头蚴,R383.3+5
膜壳绦虫,R383.3+6
其他,R383.3+9
布氏姜片吸虫,R383.2+1
肝吸虫（中华分枝睾吸虫）,R383.2+2
并殖吸虫,R383.2+3
血吸虫,R383.2+4
后睾吸虫,R383.2+5
片形吸虫,R383.2+6
其他,R383.2+9
脑炎（脑脊髓炎）病毒,R373.3+1
流行性出血热病毒,R373.3+2
登革热病毒,R373.3+3
白蛉子热病毒,R373.3+4
肝炎病毒,R373.2+1
脊髓灰质炎病毒,R373.2+2
柯萨奇（Coxsackie）病毒,R373.2+3
埃克（ECHO）病毒,R373.2+4
其他肠道病毒,R373.2+5
疟原虫,R382.3+1
球虫,R382.3+2
腹孢子虫,R382.3+3
肉孢子虫,R382.3+4
毛滴虫、梨形鞭虫,R382.2+1
利什曼（Leiskman）氏原虫,R382.2+2
锥虫,R382.2+3
疱疹病毒,R373.1+1
痘病毒,R373.1+2
流行性感冒病毒,R373.1+3
呼吸道合胞病毒,R373.1+4
流行性腮腺炎,R373.1+6
其他呼吸道传染病毒,R373.1+9
鼻镜检查法,R765.04+1
鼻窦透照法,R765.04+2
蛔虫,R383.1+1
蛲虫,R383.1+2
钩虫,R383.1+3
鞭虫,R383.1+4
旋毛虫,R383.1+5
丝虫,R383.1+6
东方眼虫,R383.1+7
其他线虫,R383.1+9
茎突过长症⑨,R766.2+1
舌根静脉曲张⑨,R766.2+2
咽原性并发症⑨,R766.2+3
神经性耳聋⑨,R764.43+1
功能性耳聋⑨,R764.43+2
噪音性耳聋⑨,R764.43+3
职业性耳聋⑨,R764.43+5
老年性耳聋⑨,R764.43+6
突发性耳聋⑨,R764.43+7
伪聋性耳聋⑨,R764.43+8
咽部疱疹⑨,R766.11
咽峡炎⑨,R766.12
西蒙诺夫斯基-奋森氏咽峡炎⑨,R766.13
咽炎⑨,R766.14
咽后脓肿⑨,R766.15
咽真菌病⑨,R766.16
扁桃体炎⑨,R766.18
喉关节脱位⑨,R767.2+1
喉关节炎⑨,R767.2+2
喉关节强硬⑨,R767.2+3
气管、支气管梗阻⑨,R768.1+1
气管、支气管损伤⑨,R768.1+2
气管、支气管内异物⑨,R768.1+3
指测法,R770.42+6.1
眼压计测量法,R770.42+6.2
眼压描计检查法,R770.42+6.3
与其他医学的关系|,-05
医学史　　　　　|,-09
预防　　　　　　|,01
基础理论　　　　|,02
临床医学　　　　|,04
药学　　　　　　|,08
本草,R281
中药材,R282
中药炮制、制剂,R283
中药化学,R284
中药药理学,R285
中药品,R286
各科用药,R287
中药药事管理,R288
方论,R289.1
医方汇编,R289.2
各代医方,R289.3
方歌,R289.4
验方与单方,R289.5
外治方,R289.6
其他,R289.9
中医泌尿学+⑨,R277.5
中医神经病学与精神病学+⑨,R277.7
耳鼻咽喉科学+⑨,R276.1
眼科学+⑨,R276.7
口腔科学+⑨,R276.8
流行病学基本理论与方法,R181
传染病预防,R183
防疫措施和管理,R184
检疫,R185
预防接种、计划免疫、药物预防,R186
消毒,R187
医学地理学,R188
妇幼保健事业与组织,R172
妇女保健与卫生,R173
婴幼儿保健与卫生,R174
托儿所、幼儿园卫生,R175
健康教育与管理,R169.1
计划生育方法,R169.4
一般保健法,R161
生活制度与卫生,R163
文体生活卫生,R165
身体清洁卫生,R166
性卫生,R167
个人卫生防护用品使用,R168
营养学,R151
各类型人群的营养,R153
食物的调配、烹饪、运输、保藏与营养,R154
饮食卫生与食品检查,R155
军事野营的卫生与防护,R149+.1
防空工程的卫生与防护,R149+.3
三防、战地的卫生与防护,R149+.5
疥癣+⑨,R275.1
麻风+⑨,R275.2
梅毒+⑨,R275.3
现代医学皮肤病、性病+⑨,R275.9
骨折+⑨,R274.1
脱位+⑨,R274.2
软组织损伤+⑨,R274.3
现代医学骨伤科疾病+⑨,R274.9
新生儿疾病+⑨,R272.1
痘疹、麻疹+⑨,R272.2
惊风+⑨,R272.3
疳积+⑨,R272.4
小儿时疫+⑨,R272.5
小儿杂病+⑨,R272.6
妇科病+⑨,R271.1
产科病+⑨,R271.4
现代医学妇产科疾病+⑨,R271.9
痈疽+⑨,R261
疔毒+⑨,R262
瘰疠+⑨,R263
创伤+⑨,R264
瘿瘤+⑨,R265
肛门病+⑨,R266
其他+⑨,R268
现代医学外科疾病+⑨,R269
外感病证+⑨,R254
一般病证+⑨,R255
脏腑病证+⑨,R256
现代医学内科疾病+⑨,R259
预防和控制|,01
病理和病因|,02
免疫　　　|,03
诊断　　　|,04
治疗　　　|,05
并发症　　|,06
预后　　　|,07
诊疗器械　|,08
急症　　　|,{09}
康复　　　|,091
中西医结合|,[092]
医案、医话|,093
急症、急救处理　　　　　|,059.7
航空航天卫生学⑨,R851
航空航天生理学与防护⑨,R852
航空航天心理学⑨,[R853]
航空航天生物化学⑨,R854
航空航天病理学⑨,R855
航空航天临床医学⑨,R856
航空航天医学工程⑨,R857
航空航天毒理学⑨,R858
航空航天药理学⑨,R859
治疗学,R840.5
潜水卫生学⑨,R841
潜水生理学⑨,R842
潜水心理学⑨,[R843]
潜水病理学⑨,R844
潜水对人体的影响与疾病⑨,R845
潜水事故伤及防治⑨,R846
潜艇医学⑨,R847
其他⑨,R849
航海卫生学⑨,R831
航海生理学⑨,R832
航海心理学⑨,[R833]
航海病理学⑨,R834
航海对人体的影响与疾病⑨,R835
航海毒理学⑨,R836
航海用药⑨,R837
其他⑨,R839
内科,R289.51
外科,R289.52
妇产科,R289.53
小儿科,R289.54
肿瘤科,R289.55
神经精神病科,R289.56
皮肤科、性病科,R289.57
五官科,R289.58
其他,R289.59
药品鉴定,R286.0
种痘,R186+.1
卡介苗接种,R186+.2
注射预防,R186+.3
服药预防,R186+.4
初生儿保健与卫生,R174+.1
生理卫生,R174+.2
生活习惯卫生,R174+.3
哺育与护理,R174+.4
清洁卫生,R174+.5
疾病预防控制,R174+.6
残疾儿童的卫生与照顾,R174+.7
避孕方法,R169.41
中止妊娠,R169.42
绝育方法,R169.43
其他,R169.49
戒烟,R163.2
戒酒,R163.3
戒毒,R163.4
健身法、健脑法,R161.1
青年卫生,R161.5
中年卫生,R161.6
老年卫生,R161.7
饮食行为与食品选择,R155.1
饮食中毒与饮食性疾病的预防,R155.3
食物卫生与检验,R155.5
饮食业卫生与检查,R155.6
餐饮业人员卫生,R155.7
妇幼营养,R153.1
儿童、少年营养,R153.2
老年人营养,R153.3
特种工作人员营养,R153.4
运动员营养,[R153.5]
其他人的营养,R153.9
体格检查⑨,[R871]
运动医务监督⑨,R872
运动损伤⑨,R873
运动性疾病⑨,R874
体育疗法（医疗体育）⑨,[R875]
营养生理学,R151.1
营养生物化学,R151.2
食物营养与食物化学,R151.3
合理营养,R151.4
上肢软组织损伤+⑨,R274.31
下肢软组织损伤+⑨,R274.32
躯干软组织损伤+⑨,R274.33
腰部损伤+⑨,R274.34
其他+⑨,R274.39
胎前（妊娠）+⑨,R271.41
临产+⑨,R271.42
产后+⑨,R271.43
乳病+⑨,R271.44
肺系病证+⑨,R256.1
心系病证+⑨,R256.2
脾胃系病证+⑨,R256.3
肝胆系病证+⑨,R256.4
肾、膀胱系病证+⑨,R256.5
急救处理　|,059
内伤发热+⑨,R255.1
中风+⑨,R255.2
眩晕+⑨,R255.3
消渴+⑨,R255.4
虚劳+⑨,R255.5
痿证、痹证+⑨,R255.6
血证+⑨,R255.7
痰饮+⑨,R255.8
其他+⑨,R255.9
伤寒+⑨,R254.1
温病+⑨,R254.2
瘟疫+⑨,R254.3
秋燥+⑨,R254.4
疟疾+⑨,R254.5
痢疾+⑨,R254.6
霍乱+⑨,R254.7
鼠疫+⑨,R254.8
其他+⑨,R254.9
大气影响⑨,R852.1
空间动力学影响⑨,R852.2
运动环境对前庭的刺激⑨,R852.3
感观生理⑨,R852.4
温度环境影响⑨,R852.5
昼夜节律⑨,R852.6
辐射影响及防护⑨,R852.7
生命保障系统及个人防护装备⑨,R852.8
潜水作业规则⑨,R841+.1
潜水员保健卫生⑨,R841+.2
潜水员体格检查、医学选拔⑨,R841+.3
各种潜水作业的医务保障⑨,R841+.4
其他⑨,R841+.9
挤压伤⑨,R846+.1
水下冲击波伤⑨,R846+.2
水下生物伤⑨,R846+.3
溺水⑨,[R846+.4]
其他⑨,R846+.9
航海对人体的影响⑨,R835.1
水下环境对人体的影响⑨,R845.1
航海内科疾病⑨,R835.2
航海外科疾病⑨,R835.3
其他⑨,R835.9
潜水疾病⑨,R845.2
飞机中的毒物⑨,R858.1
地勤人员毒理学⑨,R858.2
高能燃料毒理学⑨,R858.3
密闭环境中的毒理学⑨,R858.4
化学武器引致的毒理学及防护⑨,R858.5
航空航天工效学⑨,R857.1
电子学和电子仿生学的应用⑨,R857.2
生物信息技术及电子计算机的应用⑨,R857.3
中医的临床应用⑨,R856.2
内科学⑨,R856.5
外科学⑨,R856.6
神经病学及精神病学⑨,R856.74
耳鼻喉科学⑨,R856.76
眼科学⑨,R856.77
口腔科学⑨,R856.78
航空心理学⑨,[R853.1]
航天心理学⑨,[R853.2]
卫生学参考工具书,R851-6
卫生勤务⑨,R851.1
劳动卫生与身体训练⑨,R851.2
人员的医学选拔、体检、健康鉴定⑨,R851.3
旅客卫生与卫生设备⑨,R851.4
群体流行病学、机场检疫学⑨,R851.5
医务保障、医学监督⑨,R851.6
人员受伤、遇险的营救、救生、医疗后送⑨,R851.7
航空航天营养学与食品卫生⑨,R851.8
经病+⑨,R271.11
崩漏+⑨,R271.12
带下+⑨,R271.13
不孕+⑨,R271.14
其他+⑨,R271.19
营养与健康,R151.4+1
营养调查,R151.4+2
营养素,R151.4+3
热能,R151.4+4
公共膳食营养的要求,R151.4+5
菜场,R155.6+1
屠宰场、肉类联合加工厂,R155.6+2
饮料厂、酒厂,R155.6+3
食品商店,R155.6+4
公共餐饮场所卫生与检查,R155.6+5
细菌性食物中毒,R155.3+1
植物中毒和动物组织中毒,R155.3+2
化学性食物中毒,R155.3+3
食物性传染病,[R155.3+4]
食物的化学毒物检验,R155.5+1
谷类食物卫生,R155.5+2
豆类食物卫生,R155.5+3
蔬菜、水果卫生,R155.5+4
肉类、鱼类卫生,R155.5+5
蛋品卫生,R155.5+6
奶及奶制品卫生,R155.5+7
健康分组⑨,R872.1
运动环境与器材的卫生要求⑨,[R872.4]
食用油卫生,R155.5+8
糖果、饮料卫生,R155.5+9
比赛期的特殊问题⑨,R872.5
运动项目医务监督⑨,R872.6
过度疲劳恢复措施⑨,R872.7
运动队专职医生⑨,R872.8
水肿+⑨,R256.51
淋证+⑨,R256.52
癃闭+⑨,R256.53
遗尿、尿失禁+⑨,[R256.54]
遗泄+⑨,[R256.55]
不育（男子）+⑨,[R256.56]
其他+⑨,R256.59
黄疸+⑨,R256.41
症积、臌胀+⑨,R256.42
胁痛+⑨,R256.43
痉病+⑨,R256.44
疝气+⑨,R256.45
颤证+⑨,R256.46
其他+⑨,R256.49
暑温+⑨,R254.2+1
湿温+⑨,R254.2+2
风温+⑨,R254.2+3
冬温+⑨,R254.2+4
春温+⑨,R254.2+5
空晕病⑨,R852.31
飞行错觉⑨,R852.32
空间运动病⑨,R852.33
个人防护装备⑨,R852.81
航天舱内生命保障系统⑨,R852.82
航天出舱生命保障系统⑨,R852.83
热负荷⑨,R852.51
冷负荷⑨,R852.52
加速度及其防护⑨,R852.21
失重⑨,R852.22
旋转⑨,R852.23
噪声⑨,R852.24
振动⑨,R852.25
缺氧及其防护⑨,R852.11
气压损伤及其防护⑨,R852.12
增压座舱⑨,R852.13
密闭舱⑨,R852.14
氧中毒⑨,R852.15
减压病及其防治⑨,R852.16
座舱的微环境气候⑨,R852.17
呕吐、呃逆+⑨,R256.31
噎膈、痞满+⑨,R256.32
脘腹痛+⑨,R256.33
泄泻+⑨,R256.34
便秘+⑨,R256.35
虫证+⑨,R256.36
其他+⑨,R256.39
痘疹+⑨,R272.21
麻疹+⑨,R272.22
卫生条例,R851-65
人体测量⑨,R857.11
座舱布局的人体工效学⑨,R857.12
显示、操纵和照明系统的人体工效学⑨,R857.13
人机学⑨,R857.14
高气压对机体的影响⑨,R845.1+1
高分压对机体的影响⑨,R845.1+2
其他⑨,R845.1+9
减压病⑨,R845.2+1
缺氧症⑨,R845.2+2
气体中毒⑨,R845.2+3
惰性气体麻醉⑨,R845.2+4
气压伤⑨,R845.2+5
减压性骨坏死⑨,R845.2+6
心悸、怔忡+⑨,R256.21
胸痹（真心痛）+⑨,R256.22
失眠、健忘+⑨,R256.23
昏迷+⑨,R256.24
百合病+⑨,R256.28
其他+⑨,R256.29
咳嗽+⑨,R256.11
哮喘+⑨,R256.12
肺痈+⑨,R256.13
肺胀+⑨,R256.14
肺痿+⑨,R256.15
高压神经综合征⑨,R845.2+7
其他⑨,R845.2+9
失音+⑨,R256.16
劳瘵+⑨,R256.17
其他+⑨,R256.19
月经失调+⑨,R271.11+1
闭经+⑨,R271.11+2
痛经+⑨,R271.11+3
逆经+⑨,R271.11+4
月经前后诸症+⑨,R271.11+5
绝经期综合征+⑨,R271.11+6
女性青春期保健,R173.2
女性更年期保健,R173.4
其他,R173.9
检疫条例,R185.1
检疫组织与管理,R185.2
检疫各论,R185.3
上肢关节脱位+⑨,R274.21
下肢关节脱位+⑨,R274.22
躯干关节脱位+⑨,R274.23
其他+⑨,R274.29
上肢骨折+⑨,R274.11
下肢骨折+⑨,R274.12
躯干骨折+⑨,R274.13
其他+⑨,R274.19
热带医学,R188.11
寒带医学,R188.12
极地医学,R188.13
疾病的地区分布,R188.2/.7
医药气候学,R188.8
药剂消毒,R187+.1
化学消毒,R187+.2
机械消毒,{R187+.3}
物理消毒,R187+.4
热力消毒,{R187+.5}
电力及超声波消毒,{R187+.7}
生物消毒,R187+.8
环境传染防治措施,R184.1
植物传染防治措施,R184.2
动物传染防治措施,R184.3
对传染病患者及其接触者的措施,R184.6
季节传染病预防,R183.1
呼吸道传染病预防,R183.3
消化道传染病预防,R183.4
虫媒传染病预防,R183.5
接触传染病预防,R183.7
其他传染病预防,R183.9
基本理论,R181.1
流行病学研究方法,R181.2
流行病学各论,R181.3
疫情监测与管理,R181.8
防疫器械与设备,R181.9
中药药性学,R285.1
中药实验药理,R285.5
中药临床药理,R285.6
规章制度,R141
防护方法,R142
防护用具和设备,R143
放射性的测量和剂量,R144
放射性物质对环境的污染及防护,[R145]
放射性物质对人体的影响及防护,[R146]
对各种放射性物质的防护及处理,[R147]
放射职业卫生,[R148]
化学分析与鉴定,R284.1
有效成分的分离与提取,R284.2
有效成分的化学合成,R284.3
职业生理学,R131
职业卫生组织与管理,R132
作业环境卫生,R134
职业性疾病预防,R135
职业安全卫生防护措施,R136
厂矿卫生各论,[R137]
农业劳动卫生,R139
炮制对药物性能的影响,R283.1
炮制的辅料,R283.2
炮制方法,R283.3
炮制各论,R283.4
剂型,R283.6
药用植物的栽培,[R282.2]
药用动物的饲养,[R282.3]
本草经,R281.2
综合本草,R281.3
地方本草,R281.4
食物本草,R281.5
卫生生物学,R111
卫生生物物理学、卫生物理学,R112
卫生生物化学、卫生化学,R113
卫生毒理学,R114
卫生检验,R115
气候卫生与大气卫生,R122
药材的采集、加工,R282.4
药材鉴定,R282.5
生药化学,[R282.6]
各类药材,R282.7
本草各论,[R281.6]
卫生微生物学,R117
清洁卫生用具与设备,R118
水与给水卫生,R123
土壤卫生与废弃污物卫生管理,R124
尸体的处理,R125
城市居住卫生,R126
农村居住卫生,R127
交通卫生、旅行卫生,R128
灾害医学、灾害卫生,R129
全书,R2-52
论文集,R2-53
计划生育与优生⑨,[R715.2]
孕期卫生与保健⑨,R715.3
遗传与优生⑨,[R715.5]
分娩监护⑨,R715.7
新生儿保健⑨,[R715.8]
其他⑨,R715.9
灭蚊,R184.31
陆上检疫,R185.3+1
船舶、海上检疫,R185.3+2
飞机航空检疫,R185.3+3
国境检疫,R185.3+5
预防、卫生,R211
养生,R212
气功,R214
生理妊娠（正常妊娠）⑨,R714.1
病理妊娠（异常妊娠）⑨,R714.2
生理分娩（正常分娩）⑨,R714.3
病理分娩（异常分娩）⑨,R714.4
胎儿⑨,R714.5
产褥期⑨,R714.6
灭蝇,R184.33
灭鼠,R184.35
灭钉螺,R184.38
其他,R184.39
性卫生,[R217]
围产期医学⑨,R714.7
中医现代化研究,R2-03
中医学与其他学科的关系,R2-05
中医学史,[R2-09]
产科手术基本操作方法⑨,R719.1
引产术⑨,R719.3
牵引术、胎头吸引术⑨,R719.4
倒转术⑨,R719.5
产钳术⑨,R719.6
碎胎术⑨,R719.7
剖腹手术⑨,R719.8
其他⑨,R719.9
一般技术⑨,R713.1
辐射剂量学,R144.1
外阴手术⑨,R713.2
阴道手术⑨,R713.3
子宫颈及子宫手术⑨,R713.4
输卵管手术⑨,R713.5
卵巢手术⑨,R713.6
不育症手术⑨,R713.7
异位妊娠手术⑨,R713.8
避孕手术⑨,R713.9
流行病学测量指标,R181.2+1
描述流行病学方法,R181.2+2
分析流行病学方法,R181.2+3
实验流行病学方法,R181.2+4
理论流行病学方法,R181.2+5
分子流行病学方法,R181.2+6
一般方法,R142+.1
物理方法,R142+.2
化学方法,R142+.3
生物方法,R142+.4
疫情调查与分析,R181.8+1
疫情报告与登记,R181.8+2
职业流行病学及预防,R181.3+1
临床流行病学及预防,R181.3+2
遗传流行病学及预防,R181.3+3
环境流行病学及预防,R181.3+4
药物流行病学及预防,R181.3+5
血清流行病学及预防,R181.3+6
健康状况的流行病学及预防,R181.3+7
代谢流行病学及预防,R181.3+8
其他,R181.3+9
流行条件（环境）,R181.11
流行过程,R181.12
流行因素,R181.13
军队卫生勤务、军队卫生学⑨,R821
军队临床医学⑨,R823
军队流行病学⑨,R824
野战内科学⑨,R825
区域规划卫生,R126.1
城市规划卫生,R126.2
公共场所卫生,R126.4
居民区、住宅卫生,R126.8
城市的噪音、振动的卫生标准与管理,R126.9
野战外科学⑨,R826
特种武器损伤⑨,R827
专科疾病⑨,R828
粪便卫生管理,R124.2
垃圾卫生管理,R124.3
铁路运行卫生,R128+.1
公路运行卫生,R128+.2
水路运行卫生,R128+.3
水的卫生标准和水的卫生监测,R123.1
地面水卫生,R123.2
污水的处理与卫生,[R123.3]
给水卫生,R123.5
妊娠生理⑨,R714.12
卵的成熟与受精⑨,R714.13
妊娠期母体的变化⑨,R714.14
妊娠诊断⑨,R714.15
生产环境保护,[R139+.1]
农业劳动疾病及其预防,R139+.2
农业中毒,R139+.3
农业劳动损伤与防治,R139+.5
各类药材,R282.71/.77
植物药⑨,R282.71
动物药⑨,R282.74
矿物药⑨,R282.76
海洋药物⑨,R282.77
空气的分析与检验,R122.1
气象与卫生,R122.2
室内空气与卫生,R122.3
古典式剖腹产术⑨,R719.8+1
子宫下段剖腹产术⑨,R719.8+2
腹膜外剖腹产术⑨,R719.8+3
电磁波与卫生,R122.4
大气污染及防治,[R122.7]
药物引产⑨,R719.3+1
激素引产⑨,R719.3+2
器械引产⑨,R719.3+3
手术引产⑨,R719.3+4
人工剥离胎盘术⑨,R719.9+1
子宫腔纱布填塞术⑨,R719.9+2
输卵管切除术⑨,R713.5+1
输卵管造口术⑨,R713.5+2
输卵管吻合术⑨,R713.5+3
输卵管结扎术⑨,R713.5+4
处女膜切开术、修补术⑨,R713.2+1
会阴修补术⑨,R713.2+2
外阴切除术⑨,R713.2+3
刮宫术⑨,R713.4+1
子宫切除术⑨,R713.4+2
子宫悬吊术⑨,R713.4+3
子宫颈切除术⑨,R713.4+4
阴道成形术⑨,R713.3+1
阴道瘘管修补术⑨,R713.3+2
阴道前后壁修补术⑨,R713.3+3
中西医结合,R2-031
产褥期生理与卫生⑨,R714.61
产褥期感染⑨,R714.62
子宫复原不全、子宫萎缩⑨,R714.63
产后尿潴留及膀胱炎⑨,R714.64
产后恶露⑨,R714.65
产后死亡⑨,R714.66
其他⑨,R714.69
胎儿生理与发育⑨,R714.51
胎儿性别鉴定⑨,R714.52
胎儿畸形的产前诊断⑨,R714.53
胎儿代谢病的产前诊断⑨,R714.54
胎儿遗传性疾病的产前诊断⑨,R714.55
胎儿附属物（胎盘、胎膜、脐带）的生理、病理与畸形⑨,R714.56
战伤急救⑨,R826.1
战伤外科手术⑨,R826.2
外科感染及化脓性炎症⑨,R826.3
一般的创伤及烧伤⑨,R826.5
各部位损伤及外科疾病⑨,R826.6
产力异常⑨,R714.41
产道异常⑨,R714.42
胎儿及附属物异常⑨,R714.43
泌尿生殖器疾病⑨,R828.1
妇产科⑨,R828.2
肿瘤科⑨,R828.3
神经病及精神病科⑨,R828.4
皮肤病及性病科⑨,R828.5
耳鼻咽喉科⑨,R828.6
眼科⑨,R828.7
口腔科⑨,R828.8
传染病⑨,R825.1
结核病⑨,R825.2
寄生虫病⑨,R825.3
心脏血管疾病⑨,R825.4
整形外科学⑨,R826.8
矫形外科学⑨,R826.9
胎式及胎位异常⑨,R714.44
产程异常⑨,R714.45
分娩期及产后期并发症⑨,R714.46
血液及淋巴系疾病⑨,R825.5
呼吸系及胸部疾病⑨,R825.6
消化系及腹部疾病⑨,R825.7
内分泌腺疾病及代谢病⑨,R825.8
营养缺乏病⑨,R825.91
中毒⑨,R825.92
内科急症⑨,R825.93
化学武器中毒⑨,R827.1
细菌武器感染⑨,R827.2
卫生学检查⑨,R824.1
传染病管理与预防措施⑨,R824.2
驻扎地区的防疫工作⑨,R824.6
核武器损伤⑨,R827.3
流产、早产及过期妊娠⑨,R714.21
异位妊娠（子宫外孕）⑨,R714.22
多胎妊娠⑨,R714.23
妊娠中毒症⑨,R714.24
妊娠并发症⑨,R714.25
全身性变化⑨,R714.14+1
泌尿生殖器系统变化⑨,R714.14+2
神经系统变化⑨,R714.14+3
循环系统变化⑨,R714.14+4
呼吸系统变化⑨,R714.14+5
消化系统变化⑨,R714.14+6
内分泌系统变化⑨,R714.14+7
新陈代谢变化⑨,R714.14+8
皮肤变化⑨,R714.14+9
中老年保健,[R212.7]
胎式⑨,R714.15+1
胎位⑨,R714.15+2
产道检查⑨,R714.15+3
气温,R122.2+1
气压,R122.2+2
湿度,R122.2+3
气流,R122.2+4
太阳辐射,R122.2+5
气象条件对人体的影响,R122.2+6
水的净化与消毒,R123.6
水库卫生,R123.7
工业给水卫生,R123.8
农村给水卫生,R123.9
子宫旁组织炎⑨,R714.62+3
产褥期腹膜炎⑨,R714.62+4
产褥期血栓性静脉炎⑨,R714.62+5
产褥期脓毒症⑨,R714.62+6
产褥期败血症、菌血症⑨,R714.62+7
生产性毒物及职业中毒,R135.1
生产性粉尘及尘肺,R135.2
高温中暑,R135.3
振动病,R135.4
减压病,R135.5
高山病与高空病,R135.6
职业性皮肤病,R135.7
职业性耳聋,R135.8
化学分析,R122.1+1
生物检验,R122.1+2
采集、加工、炮制|,02
鉴定　　　　　　|,03
药理、药性　　　|,05
临床应用　　　　|,07
一般性职业安全卫生防护措施,R136.1
物理性毒害的职业安全卫生防护措施,R136.2
化学性毒害的职业安全卫生防护措施,R136.3
生物性毒害的职业安全卫生防护措施,R136.4
职业性鼻炎,R135.91
职业性眼病,R135.92
其他,R135.99
职业卫生条件及标准,R134+.1
作业场所职业卫生,R134+.2
异常气压、气温作业卫生,R134+.3
作业场所有害物质的检测及其容许浓度,R134+.4
其他,R136.9
放射医学基础理论⑨,R811
放射线学（X线学）⑨,R812
X线解剖学⑨,R813
X线诊断学⑨,R814
放射疗法⑨,R815
各部位及各科疾病的X线诊断与疗法⑨,R816
放射性同位素在医学上的应用⑨,R817
放射病、放射损伤⑨,R818
女性生殖器畸形⑨,R711.1
女性生殖器位置异常⑨,R711.2
女性生殖器炎症⑨,R711.3
女性生殖器损伤⑨,R711.4
女性生殖器功能性疾病⑨,R711.5
不育症⑨,R711.6
胎儿发育异常⑨,R714.43+1
多胎分娩⑨,R714.43+2
胎膜早破⑨,R714.43+3
脐带先露及脐带脱垂⑨,R714.43+4
骨盆异常⑨,R714.42+1
子宫和阴道异常⑨,R714.42+2
传染病⑨,R714.251
心血管疾病⑨,R714.252
呼吸系统疾病⑨,R714.253
血液病⑨,R714.254
消化系统及腹部疾病⑨,R714.255
内分泌腺病及代谢病⑨,R714.256
骨疾病⑨,R714.257
泌尿系疾病⑨,R714.258
其他⑨,R714.259
女性生殖器其他疾病⑨,R711.7
输卵管内妊娠⑨,R714.22+1
卵巢内妊娠⑨,R714.22+2
腹腔内妊娠⑨,R714.22+3
子宫角内妊娠⑨,R714.22+4
宽韧带内妊娠⑨,R714.22+5
子宫颈内妊娠⑨,R714.22+6
持续性枕后位⑨,R714.44+1
面位⑨,R714.44+2
额位⑨,R714.44+3
产后出血⑨,R714.46+1
胎盘滞留（植入性胎盘）⑨,R714.46+2
产后休克⑨,R714.46+3
产道损伤⑨,R714.46+4
产后瘘管⑨,R714.46+5
耻骨分离⑨,R714.46+6
尾骨骨折⑨,R714.46+7
羊水栓塞⑨,R714.46+8
臀位⑨,R714.44+4
横位⑨,R714.44+5
复合产式⑨,R714.44+6
子宫收缩异常⑨,R714.41+1
腹壁肌收缩异常⑨,R714.41+2
妊娠呕吐⑨,R714.24+1
妊娠水肿⑨,R714.24+2
妊娠蛋白尿⑨,R714.24+3
先兆子痫⑨,R714.24+4
预防法及消除法⑨,R827.11
毒气毒理学⑨,R827.12
毒气病理解剖学⑨,R827.13
诊断⑨,R827.14
治疗⑨,R827.15
中毒各论⑨,R827.17
子痫⑨,R714.24+5
妊娠高血压⑨,R714.24+6
血管⑨,R826.61
头、颈部⑨,R826.62
胸部⑨,R826.63
脊柱与脊髓⑨,R826.64
腹部⑨,R826.65
躯干⑨,R826.66
预防法⑨,R827.31
病理解剖学⑨,R827.32
诊断⑨,R827.34
治疗⑨,R827.35
骨盆⑨,R826.67
四肢⑨,R826.68
小儿传染病⑨,R725.1
无机化合物,R136.3+1
有机化合物,R136.3+2
小儿寄生虫病⑨,R725.3
小儿心脏、血管疾病⑨,R725.4
小儿血液及淋巴系疾病⑨,R725.5
小儿呼吸系及胸部疾病⑨,R725.6
小儿消化系及腹部疾病⑨,R725.7
小儿内分泌腺疾病及代谢病⑨,R725.8
小儿全身性疾病⑨,R725.9
油类,R136.3+3
酸类,R136.3+4
碱类,R136.3+5
有毒气体,R136.3+6
爆炸性物质,R136.3+7
铅中毒,R135.1+1
苯中毒,R135.1+2
汞中毒,R135.1+3
有害气体中毒,R135.1+4
手术室及其设备⑨,R826.2+1
仪器和用具⑨,R826.2+2
抗菌法及无菌法⑨,R826.2+3
麻醉法⑨,R826.2+4
固定术⑨,R826.2+5
输血及输液⑨,R826.2+6
预防法及消除法⑨,R827.21
绷扎法⑨,R826.2+7
细菌武器微生物学⑨,R827.22
诊断⑨,R827.24
治疗⑨,R827.25
消化营养障碍⑨,R723.1
营养缺乏症⑨,R723.2
新生儿疾病⑨,R722.1
小儿外科手术学⑨,R726.1
小儿整形外科学⑨,R726.2
小儿各生理系统外科学⑨,R726.5
早产儿疾病⑨,R722.6
小儿骨科学⑨,R726.8
小儿泌尿科学⑨,R726.9
月经的生理与失调⑨,R711.51
功能性子宫出血⑨,R711.52
其他⑨,R711.59
阴道膨出⑨,R711.21
子宫变位⑨,R711.22
子宫脱垂⑨,R711.23
子宫翻出⑨,R711.24
阴道炎⑨,R711.31
子宫炎、子宫内膜炎及子宫颈炎⑨,R711.32
盆腔炎、盆腔脓肿⑨,R711.33
外阴炎及前庭大腺炎⑨,R711.34
病理学,R818.02
儿科急症及处理,R720.597
子宫内膜异位症⑨,R711.71
外阴部疾病⑨,R711.72
阴道疾病⑨,R711.73
子宫及子宫颈疾病⑨,R711.74
卵巢疾病⑨,R711.75
输卵管疾病⑨,R711.76
女子性机能障碍⑨,R711.77
放射毒理学,R818.03
放射病诊断学,R818.04
放射病治疗学,R818.05
预后,R818.07
放射病与放射损伤各论⑨,R818.7
人体各部位及各科放射病⑨,R818.8
研究方法,R817-3
在基础医学上的应用⑨,R817.1
在诊断上的应用⑨,R817.4
在治疗上的应用⑨,R817.5
各种放射性同位素在治疗上的应用⑨,R817.8
放射性同位素化合物制剂⑨,R817.9
超软放射疗法⑨,R815.1
放射线疗法⑨,R815.2
镭疗法⑨,R815.3
中子疗法⑨,R815.4
钴60治疗⑨,R815.5
加速器治疗⑨,R815.6
窒息性中毒⑨,R827.17+1
神经性中毒（氯化氰及溴化氰）⑨,R827.17+2
催泪性中毒⑨,R827.17+3
糜烂性中毒（芥气）⑨,R827.17+4
喷嚏性中毒⑨,R827.17+5
血液性中毒（一氧化碳）⑨,R827.17+6
X线剂量学⑨,R814.2
X线检照技术⑨,R814.3
各种X线诊断⑨,R814.4
透视学⑨,R814.5
医用放射物理学⑨,R811.1
医用放射化学⑨,R811.3
医用放射生物学⑨,R811.5
眼睑肿瘤,R739.7+1
眼眶内肿瘤,R739.7+2
头、颈、肩部肿瘤,R739.91
背部肿瘤,R739.92
腰骶部肿瘤,R739.93
臀部肿瘤,R739.95
四肢肿瘤,R739.96
头颅及神经系⑨,R816.1
心脏血管系⑨,R816.2
造血系、淋巴系⑨,R816.3
颌面部肿瘤,R739.81
颌骨肿瘤,R739.82
腭肿瘤,R739.83
口腔粘膜肿瘤,R739.85
舌肿瘤、舌下肿瘤,R739.86
唾液腺肿瘤,R739.87
胸部及呼吸系⑨,R816.4
腹部及消化系⑨,R816.5
内分泌腺⑨,R816.6
泌尿及男性生殖系⑨,R816.7
外科、骨科⑨,R816.8
妇产科⑨,R816.91
儿科⑨,R816.92
皮肤科⑨,R816.95
耳鼻咽喉科⑨,R816.96
眼科⑨,R816.97
口腔科⑨,R816.98
新生儿遗传病⑨,R722.11
新生儿窒息⑨,R722.12
骨骼肿瘤,R738.1
关节肿瘤,R738.2
软骨肿瘤,R738.3
滑囊肿瘤,R738.4
滑膜肿瘤,R738.5
软组织肿瘤,R738.6
肌肉肿瘤,R738.7
新生儿感染⑨,R722.13
产伤⑨,R722.14
新生儿出血⑨,R722.15
新生儿硬肿症⑨,R722.16
新生儿黄疸⑨,R722.17
新生儿溶血症⑨,R722.18
新生儿其他疾病⑨,R722.19
泌尿器肿瘤,R737.1
男性生殖器肿瘤,R737.2
女性生殖器肿瘤,R737.3
乳腺肿瘤,R737.9
消化不良（婴儿腹泻）⑨,R723.11
脱水及酸中毒⑨,R723.12
营养障碍（营养不良）⑨,R723.13
肥胖症⑨,R723.14
其他⑨,R723.19
甲状腺肿瘤,R736.1
甲状旁腺肿瘤,R736.2
胸腺肿瘤,R736.3
垂体肿瘤,R736.4
松果腺肿瘤,R736.5
食管肿瘤,R735.1
胃肿瘤,R735.2
肠肿瘤,R735.3
肠系膜及腹膜后肿瘤,R735.4
腹膜及膜壁肿瘤,R735.5
肝肿瘤,R735.7
胆囊、胆道肿瘤,R735.8
肾上腺肿瘤,R736.6
胰岛肿瘤,R736.7
性腺肿瘤,R736.8
胰腺肿瘤,R735.9
地方性微量元素中毒⑨,R599.1
地方性钡中毒,{R599.2}
热带病⑨,R599.3
寒带病⑨,R599.7
其他⑨,R599.9
营养缺乏症⑨,R591
老年病学⑨,R592
免疫性疾病⑨,R593
物理性损害⑨,R594
中毒及化学性损害⑨,R595
遗传性疾病⑨,R596
原因未明的疾病⑨,R597
职业性疾病⑨,R598
同位素的剂量⑨,R817.9+1
理化性质⑨,R817.9+2
生物学鉴定⑨,R817.9+3
颅内肿瘤及脑肿瘤,R739.41
脊髓肿瘤,R739.42
周围神经系肿瘤,R739.43
植物神经系肿瘤,R739.44
脑膜肿瘤,R739.45
实验室,R817-33
急性放射病⑨,R818.71
慢性及迟发性放射病⑨,R818.72
放射性药物中毒⑨,R818.73
放射损伤⑨,R818.74
症状,R818.041
甲状腺疾病⑨,R581
甲状旁腺疾病⑨,R582
胸腺疾病⑨,R583
垂体及间脑-垂体系统疾病⑨,R584
松果体疾病、早发青春期症（性早熟）⑨,R585
肾上腺疾病⑨,R586
耳肿瘤,R739.61
鼻、鼻窦肿瘤,R739.62
咽肿瘤,R739.63
扁桃体肿瘤,R739.64
喉肿瘤,R739.65
胰岛疾病⑨,R587
性腺疾病⑨,R588
代谢病⑨,R589
肺部⑨,R816.41
卵巢肿瘤,R737.31
输卵管肿瘤,R737.32
传统X线诊断⑨,R814.41
电子计算机扫描⑨,R814.42
造影诊断⑨,R814.43
其他⑨,R814.49
子宫肿瘤,R737.33
阴道肿瘤,R737.34
外阴部肿瘤,R737.35
病理解剖学,R818.021
病理生理学,R818.023
脑出血⑨,R722.15+1
胃肠道出血⑨,R722.15+2
内脏出血⑨,R722.15+3
其他⑨,R722.15+9
骨骼损伤⑨,R722.14+1
皮肤、肌肉损伤⑨,R722.14+2
头部血肿⑨,R722.14+3
周围神经损伤⑨,R722.14+4
新生儿败血症⑨,R722.13+1
新生儿腹泻⑨,R722.13+2
新生儿破伤风⑨,R722.13+3
脐部感染⑨,R722.13+4
新生儿肺炎⑨,R722.13+5
其他传染病⑨,R722.13+9
化学疗法与抗生素疗法,R818.051
各种制剂疗法,R818.052
酶疗法,R818.053
其他疗法,R818.059
十二指肠肿瘤,R735.3+1
小肠肿瘤,R735.3+2
空肠及回肠肿瘤,R735.3+3
大肠肿瘤,R735.3+4
结肠肿瘤,R735.3+5
盲肠（阑尾）肿瘤,R735.3+6
直肠肿瘤,R735.3+7
肛管肿瘤,R735.3+8
睾丸、附睾肿瘤,R737.21
输精管、精囊肿瘤,R737.23
前列腺肿瘤,R737.25
阴囊肿瘤,R737.26
阴茎肿瘤,R737.27
肾、肾盂肿瘤,R737.11
输尿管肿瘤,R737.13
膀胱肿瘤,R737.14
尿道肿瘤,R737.15
变态反应性疾病⑨,R593.1
自身免疫性疾病、结缔组织疾病⑨,R593.2
免疫缺陷病⑨,R593.3
其他⑨,R593.9
热损害⑨,R594.1
冷损害⑨,R594.2
高空病、高山病、血氧缺乏病⑨,R594.3
高气压病⑨,R594.4
光线作用病⑨,R594.5
振动损害⑨,R594.6
电磁波损害⑨,R594.8
其他⑨,R594.9
无机盐缺乏症⑨,R591.1
蛋白质及氨基酸缺乏症⑨,R591.2
不饱和脂肪酸缺乏病⑨,R591.3
维生素缺乏病⑨,R591.4
内源性营养缺乏病⑨,R591.5
染色体病⑨,R596.1
单基因遗传病⑨,R596.2
多基因遗传病⑨,R596.3
食管疾病⑨,R571
腹部疾病⑨,R572
胃疾病⑨,R573
肠疾病⑨,R574
肝及胆疾病⑨,R575
胰腺疾病⑨,R576
暗洪病（自然性断趾病）⑨,R597+.1
淀粉样变性病⑨,R597+.2
却巴病⑨,R597+.3
胸膜及胸腔疾病⑨,R561
气管和支气管疾病⑨,R562
肺疾病⑨,R563
纵膈疾病⑨,R564
膈疾病⑨,R565
垂头病⑨,R597+.4
热带咽难病⑨,R597+.5
肉状瘤病（良性淋巴肉芽肿）⑨,R597+.6
热带口炎性腹泻⑨,R597+.7
乳糜泄（Gee氏病）⑨,R597+.8
其他⑨,R597+.9
气体中毒⑨,R595.1
金属中毒、类金属中毒⑨,R595.2
药源性疾病⑨,R595.3
药物中毒⑨,R595.4
麻醉剂中毒⑨,R595.5
醇中毒⑨,R595.6
饮食中毒⑨,R595.7
碳水化合物代谢障碍⑨,R589.1
脂肪代谢障碍⑨,R589.2
蛋白质中间代谢障碍（氨基酸代谢障碍）⑨,R589.3
水盐代谢障碍⑨,R589.4
动物毒液中毒⑨,R595.8
其他⑨,R595.9
钙磷代谢障碍⑨,R589.5
酸碱平衡失调⑨,R589.6
嘌呤（Purine）代谢障碍⑨,R589.7
卟啉代谢障碍⑨,R589.8
其他⑨,R589.9
糖尿病⑨,R587.1
糖尿病性昏迷及其他并发症⑨,R587.2
腺岛素过多症、低血糖⑨,R587.3
抗肝脂性变物质缺陷及胰肝合并症⑨,R587.4
男性性腺（睾丸）疾病⑨,[R588.1]
女性性腺（卵巢）疾病⑨,[R588.6]
垂体机能亢进症⑨,R584.1
垂体机能减退症⑨,R584.2
甲状旁腺机能亢进症⑨,R582+.1
甲状旁腺机能减退症（手足抽搐症）⑨,R582+.2
垂体后叶疾病⑨,R584.3
甲状腺机能亢进症⑨,R581.1
甲状腺机能减退症⑨,R581.2
甲状腺肿⑨,R581.3
甲状腺炎⑨,R581.4
甲状腺中毒⑨,R581.5
其他⑨,R581.9
肾上腺皮质机能减退症（阿狄森（Addison）氏病）⑨,R586.1
肾上腺皮质机能亢进症（柯兴（Cushing）氏病）⑨,R586.2
血液、血液代用品,R818.052+.1
造血兴奋剂,R818.052+.2
骨髓及脾制剂,R818.052+.3
止血剂,R818.052+.4
内分泌制剂,R818.052+.5
肾上腺炎⑨,R586.3
其他⑨,R586.9
医学伦理学,R-052
医学行为学,R-055
医学信息学,R-058
造血系疾病⑨,R551
血液疾病⑨,R552
诊断学,R540.4
心脏疾病⑨,R541
血管疾病⑨,R543
血压异常⑨,R544
中国,R-012
外国,R-013
肝炎⑨,R575.1
肝硬变⑨,R575.2
肝功能衰竭⑨,R575.3
肝脓肿⑨,R575.4
肝代谢障碍⑨,R575.5
胆囊疾病⑨,R575.6
胆管疾病⑨,R575.7
肠溃疡⑨,R574.1
肠梗阻⑨,R574.2
肠套叠⑨,R574.3
肠道功能紊乱⑨,R574.4
小肠疾病⑨,R574.5
大肠疾病⑨,R574.6
肛门疾病⑨,R574.8
一般疾病⑨,R691
肾疾病⑨,R692
输尿管疾病⑨,R693
膀胱疾病⑨,R694
消化性溃疡病⑨,R573.1
尿道疾病⑨,R695
尿的成分异常⑨,R696
男性生殖器疾病⑨,R697
男子性机能障碍⑨,R698
泌尿及男性生殖系外科学⑨,R699
上消化道出血⑨,R573.2
胃炎⑨,R573.3
胃粘膜脱垂⑨,R573.4
胃神经官能症⑨,R573.5
幽门疾病⑨,R573.6
贲门疾病⑨,R573.7
胃石症⑨,R573.8
其他⑨,R573.9
维生素A缺乏病⑨,R591.41
维生素B缺乏病⑨,R591.42
维生素C缺乏病⑨,R591.43
维生素D缺乏病⑨,R591.44
维生素E缺乏病⑨,R591.45
维生素K缺乏病⑨,R591.49
膈高位⑨,R565+.1
膈低位⑨,R565+.2
膈麻痹⑨,R565+.3
膈痉挛⑨,R565+.4
肺炎（肺感染）⑨,R563.1
肺脓肿⑨,R563.2
肺气肿⑨,R563.3
内脏下垂⑨,R572.1
腹膜及腹膜后疾病⑨,R572.2
肠系膜疾病⑨,R572.3
网膜疾病⑨,R572.4
食管狭窄⑨,R571+.1
食管痉挛、憩室⑨,R571+.2
食管静脉曲张⑨,R571+.3
肺不张⑨,R563.4
肺栓塞⑨,R563.5
肺出血⑨,R563.6
肺含铁血黄素沉着病⑨,R563.7
呼吸衰竭⑨,R563.8
其他⑨,R563.9
气管疾病⑨,R562.1
支气管疾病⑨,R562.2
纵膈位置异常⑨,R564+.1
纵膈炎⑨,R564+.2
纵膈气肿⑨,R564+.3
胸膜炎⑨,R561.1
胸膜钙化⑨,R561.2
水胸、胸腔积液⑨,R561.3
气胸、水气胸⑨,R561.4
血胸⑨,R561.5
脓胸⑨,R561.6
乳麋胸⑨,R561.7
肾上腺出血⑨,R586.2+1
肾上腺-生殖腺综合征⑨,R586.2+2
早熟症⑨,R586.2+3
原发性醛固酮增多症⑨,R586.2+4
多毛症⑨,R586.2+5
男性化症⑨,R586.2+6
急性肾上腺机能减退⑨,R586.1+1
慢性肾上腺机能减退⑨,R586.1+2
矮呆病（克汀病）⑨,R581.2+1
粘液性水肿⑨,R581.2+2
高血压⑨,R544.1
低血压⑨,R544.2
主动脉疾病⑨,R543.1
肺动、静脉疾病⑨,R543.2
冠状动、静脉疾病⑨,R543.3
颈动、静脉疾病⑨,R543.4
动脉疾病⑨,R543.5
静脉疾病⑨,R543.6
毛细血管疾病⑨,R543.7
巨球蛋白血症、血液丙种球蛋白缺乏症⑨,R553
出血性疾病⑨,R554
红细胞疾病⑨,R555
贫血病⑨,R556
白细胞疾病⑨,R557
血小板疾病⑨,R558
其他血液病⑨,R559
先天性心脏血管病⑨,R541.1
风湿性心脏病⑨,R541.2
高血压性心脏病⑨,R541.3
冠状动脉（粥样）硬化性心脏病（冠心病）⑨,R541.4
肺原性心脏病⑨,R541.5
血液循环衰竭⑨,R541.6
心律失常⑨,R541.7
心电图,R540.4+1
心电向量图,R540.4+2
心尖搏动图,R540.4+3
心音图,R540.4+4
超声心动图,R540.4+5
脾及网状内皮系统疾病（网状内皮细胞增多症）⑨,R551.1
淋巴系疾病⑨,R551.2
新陈代谢、营养及内分泌障碍性心脏病⑨,R541.8
其他病因性心血管病⑨,R541.9
心包疾病⑨,R542.1
心肌疾病⑨,R542.2
克山病⑨,R542.3
心导管插入术,R540.4+6
心血管机能试验,R540.4+7
颈动脉搏动图,R540.4+8
其他,R540.4+9
骨髓疾病⑨,R551.3
皮肤症状⑨,R591.41+1
眼症状⑨,R591.41+2
心内膜疾病⑨,R542.4
心瓣膜疾病⑨,R542.5
维生素B1（硫胺素）缺乏病⑨,R591.42+1
维生素B2（核黄素）缺乏病⑨,R591.42+2
菸酸缺乏病、糙皮病⑨,R591.42+3
阴茎疾病⑨,R697+.1
阴囊及其内容物疾病⑨,R697+.2
前列腺疾病⑨,R697+.3
精囊疾病⑨,R697+.4
细菌性肺炎⑨,R563.1+1
支气管肺炎⑨,R563.1+2
间质性肺炎⑨,R563.1+3
病毒性肺炎⑨,R563.1+4
肺炎支原体肺炎⑨,R563.1+5
其他⑨,R563.1+9
叶酸缺乏病、维生素B12缺乏病⑨,R591.42+4
维生素B6缺乏病⑨,R591.42+5
生物素缺乏病⑨,R591.42+6
泛酸缺乏病⑨,R591.42+7
胆碱缺乏病⑨,R591.42+8
浅表性胃炎⑨,R573.3+1
萎缩性胃炎⑨,R573.3+2
肥厚性胃炎⑨,R573.3+3
胆汁返流性胃炎⑨,R573.3+4
其他⑨,R573.3+9
一般技术及设备⑨,R699.1
肾脏手术⑨,R699.2
肾上腺手术⑨,R699.3
输尿管手术⑨,R699.4
膀胱手术⑨,R699.5
阳萎⑨,R698+.1
男性不育症⑨,R698+.2
性神经衰弱病⑨,R698+.3
尿道手术⑨,R699.6
女性泌尿外科学⑨,R699.7
男性生殖器手术⑨,R699.8
支气管炎⑨,R562.2+1
支气管扩张⑨,R562.2+2
支气管痉挛⑨,R562.2+3
支气管瘘⑨,R562.2+4
支气管哮喘⑨,R562.2+5
脂肪尿⑨,R696+.1
蛋白尿⑨,R696+.2
黑酸尿⑨,R696+.3
胱氨酸尿⑨,R696+.4
草酸盐尿⑨,R696+.5
尿酸盐尿⑨,R696+.6
磷酸盐尿⑨,R696+.7
血尿、乳糜尿⑨,R696+.8
膀胱畸形⑨,R694+.1
膀胱梗阻⑨,R694+.2
膀胱炎⑨,R694+.3
膀胱结石⑨,R694+.4
神经病原性膀胱机能失调（排尿障碍）⑨,R694+.5
膀胱损伤⑨,R694+.6
膀胱异物⑨,R694+.7
冠状动脉栓塞与血栓形成⑨,R543.3+1
冠状动脉炎⑨,R543.3+2
主动脉炎⑨,R543.1+1
主动脉硬化⑨,R543.1+2
主动脉栓塞⑨,R543.1+3
主动脉脂肪浸润⑨,R543.1+4
主动脉扩张⑨,R543.1+5
气管炎⑨,R562.1+1
气管狭窄⑨,R562.1+2
气管食管瘘⑨,R562.1+3
主动脉瘤⑨,R543.1+6
原发性高血压⑨,R544.1+1
肾性高血压⑨,R544.1+4
内分泌性高血压⑨,R544.1+5
肺动脉高压（肺性高血压）⑨,R544.1+6
女性尿道疾病⑨,R695.1
输尿管畸形⑨,R693+.1
输尿管狭窄及闭塞⑨,R693+.2
输尿管炎⑨,R693+.3
输尿管结石⑨,R693+.4
输尿管损伤⑨,R693+.5
肾畸形⑨,R692.1
肾梗塞（肾积水）⑨,R692.2
肾炎⑨,R692.3
肾结石⑨,R692.4
肾功能衰竭⑨,R692.5
肾小管、肾小球疾病⑨,R692.6
肾盂疾病⑨,R692.7
其他疾病⑨,R692.9
二尖瓣疾病⑨,R542.5+1
主动脉瓣疾病⑨,R542.5+2
三尖瓣疾病⑨,R542.5+3
肺动脉瓣疾病⑨,R542.5+4
心内膜炎⑨,R542.4+1
细菌性心内膜炎⑨,R542.4+2
心内膜弹力纤维组织增生症⑨,R542.4+3
心包炎⑨,R542.1+1
心包积液⑨,R542.1+2
心包积气⑨,R542.1+3
心肌炎⑨,R542.2+1
心肌梗塞⑨,R542.2+2
心肌纤维化⑨,R542.2+3
前列腺畸形⑨,R697+.31
前列腺肥大⑨,R697+.32
前列腺炎⑨,R697+.33
前列腺结石⑨,R697+.34
前列腺损伤⑨,R697+.35
心动过速⑨,R541.7+1
心动过缓⑨,R541.7+2
窦性心律不齐⑨,R541.7+3
病态窦房结综合征⑨,R541.7+4
心房纤颤与心房扑动⑨,R541.7+5
心脏传导障碍⑨,R541.7+6
预激综合征⑨,R541.7+7
心脏骤停⑨,R541.7+8
精囊异常⑨,R697+.41
精囊炎⑨,R697+.42
阴囊疾病⑨,R697+.21
睾丸及附睾疾病⑨,R697+.22
鞘膜疾病⑨,R697+.23
精索扭转、精索静脉曲张⑨,R697+.24
输精管疾病⑨,R697+.25
射精管疾病⑨,R697+.26
精阜疾病⑨,R697+.27
脚气性心脏病⑨,R541.8+1
水肿性心脏病⑨,R541.8+2
贫血性心脏病⑨,R541.8+3
心脏萎缩⑨,R541.8+4
甲状腺机能亢进性心脏病⑨,R541.8+5
阴茎畸形⑨,R697+.11
包茎及嵌顿包茎⑨,R697+.12
阴茎炎⑨,R697+.13
阴茎异常勃起⑨,R697+.14
阴茎损伤⑨,R697+.15
阴茎皮肤感染⑨,R697+.16
阴茎硬结症⑨,R697+.17
充血性心力衰竭⑨,R541.6+1
出血性心力衰竭⑨,R541.6+2
肺水肿⑨,R541.6+3
休克⑨,R541.6+4
血小板机能不全⑨,R558+.1
血小板减少症⑨,R558+.2
血小板增多症⑨,R558+.3
其他⑨,R558+.9
无尿病⑨,R694+.51
频尿病⑨,R694+.52
遗尿病⑨,R694+.53
尿失禁⑨,R694+.54
尿滞留（尿潴留）⑨,R694+.55
疼痛性排尿⑨,R694+.56
脐尿管开放⑨,R694+.11
膀胱外翻⑨,R694+.12
膀胱瘘、膀胱憩室⑨,R694+.13
白细胞减少症、增多症及异常⑨,R557+.1
单核白细胞疾病⑨,R557+.2
粒细胞疾病⑨,R557+.3
淋巴细胞疾病⑨,R557+.4
嗜酸细胞疾病⑨,R557+.5
出血性贫血⑨,R556.1
大细胞性（营养不良性)贫血⑨,R556.2
缺铁性贫血⑨,R556.3
再生障碍性贫血和骨髓病性贫血⑨,R556.5
溶血性贫血⑨,R556.6
血红蛋白病⑨,R556.7
其他原因贫血⑨,R556.9
红细胞增多、减少及异常⑨,R555+.1
氧化变性血红素血症⑨,R555+.2
血友病⑨,R554+.1
低凝血酶原血病⑨,R554+.2
副血友病（假性血友病）⑨,R554+.3
低变换素血病⑨,R554+.4
纤维蛋白原症⑨,R554+.5
紫癜⑨,R554+.6
凝血酶原缺乏症⑨,R554+.7
弥漫性血管内凝血⑨,R554+.8
其他⑨,R554+.9
泌尿生殖系异常（畸形）⑨,R691.1
泌尿生殖系梗阻⑨,R691.2
泌尿生殖系感染⑨,R691.3
泌尿生殖系结石及异物⑨,R691.4
泌尿生殖系功能障碍⑨,R691.5
泌尿生殖系损伤⑨,R691.6
泌尿生殖系其他疾病⑨,R691.9
盲肠疾病、阑尾疾病⑨,R574.61
结肠疾病⑨,R574.62
直肠疾病⑨,R574.63
肾数目异常⑨,R692.1+1
肾大、小及结构异常⑨,R692.1+2
肾形态异常⑨,R692.1+3
肾位置异常⑨,R692.1+4
肾旋转异常⑨,R692.1+5
肾血管异常⑨,R692.1+6
肾盂异常⑨,R692.1+7
肾小球肾炎⑨,R692.3+1
局灶性肾炎⑨,R692.3+2
间质性肾炎⑨,R692.3+3
紫癜性肾炎⑨,R692.3+4
其他⑨,R692.3+9
输尿管数目和位置异常⑨,R693+.11
输尿管起端和末端异常⑨,R693+.12
输尿管形态、管形、结构异常⑨,R693+.13
十二指肠疾病⑨,R574.51
空肠疾病⑨,R574.52
回肠疾病⑨,R574.53
胆囊炎⑨,R575.6+1
胆石症⑨,R575.6+2
胆囊积液⑨,R575.6+3
门脉性肝硬变⑨,R575.2+1
胆汁性肝硬变⑨,R575.2+2
坏死性肝硬变⑨,R575.2+3
肝豆状核变性肝硬变⑨,R575.2+4
其他⑨,R575.2+9
侏儒症⑨,R584.2+1
幼稚型（儿性体格）⑨,R584.2+2
肥胖性生殖营养不良（弗罗利克（Frohlich）氏综合征）⑨,R584.2+3
席汉（Sheehamm）氏病⑨,R584.2+4
间脑垂体性恶病质（西蒙德（Simmonds）氏）病⑨,R584.2+5
肢端肥大症⑨,R584.1+1
巨大畸形（巨人症）⑨,R584.1+2
日射病⑨,R594.1+1
中暑⑨,R594.1+2
热衰竭⑨,R594.1+3
热痉挛⑨,R594.1+4
热带肢端红痛病⑨,R594.1+5
原发性免疫缺陷病⑨,R593.31
继发性免疫缺陷病⑨,R593.32
风湿热⑨,R593.21
类风湿性关节炎⑨,R593.22
强直性脊柱炎⑨,R593.23
红斑狼疮⑨,R593.24
硬皮病⑨,R593.25
皮肌炎⑨,R593.26
结节性多动脉炎及动脉周围炎⑨,R593.27
受体病⑨,R593.28
骨骼疾病⑨,R681
骨的畸形⑨,R682
骨折、骨的损伤⑨,R683
关节疾病及损伤⑨,R684
肌肉疾病及损伤⑨,R685
筋腱、韧带、滑囊疾病及损伤⑨,R686
矫形外科手术学⑨,R687
创伤⑨,R641
挤压伤、震荡伤、冲击伤⑨,R642
化学损伤⑨,R643
烧伤及烫伤（灼伤）⑨,R644
冻伤⑨,R645
动物、昆虫咬（刺）伤⑨,R646
电击伤⑨,R647
运动损伤⑨,[R648]
气压伤⑨,R649.1
窒息⑨,R649.2
淹溺⑨,R649.3
异物⑨,R649.4
其他⑨,R649.9
全身性化脓性感染⑨,R631
皮及皮下感染⑨,R632
特异性感染⑨,R633
坏死、坏疽⑨,R634
窦道与瘘管⑨,R635
其他⑨,R639
头部及神经外科学⑨,R651
颈部外科学⑨,R653
心脏血管和淋巴系外科学⑨,R654
胸部外科学⑨,R655
腹部外科学⑨,R656
四肢外科学⑨,R658
其他外科学⑨,R659
整形手术学⑨,R622
美容术⑨,R625
修补术⑨,R628
原虫病⑨,R531
蠕虫病⑨,R532
肺结核⑨,R521
淋巴系结核⑨,R522
气管及食管结核⑨,R523
胃、肠结核⑨,R524
肝、脾、胰结核⑨,R525
腹膜结核⑨,R526
泌尿生殖器结核⑨,R527
骨和关节结核⑨,R529.2
脑结核及结核性脑膜炎⑨,R529.3
皮肤结核⑨,R529.4
耳、鼻、咽、喉、眼及口腔结核⑨,R529.8
儿童结核病⑨,R529.9
社会康复,R492
医学康复（康复疗法）,R493
教育康复,R494
康复医学工程,R496
病毒传染病⑨,R511
立克次（Ricketts）氏体传染病⑨,R513
螺旋体传染病⑨,R514
细菌传染病、球菌传染病⑨,R515
杆菌传染病⑨,R516
衣原体属疾病⑨,R518
支原体疾病⑨,R518.9
真菌与放线菌传染病⑨,R519
原因未明的传染病⑨,R519.9
症状诊断学,R441
物理诊断学（体检诊断）,R443
电诊断,R444
影像诊断学,R445
实验室诊断,R446
鉴别诊断学,R447
机能诊断学,R448
预后及劳动鉴定,R449
医疗事故与预防,R417
先天性溶血性贫血⑨,R556.6+1
后天性溶血性贫血⑨,R556.6+2
新生儿溶血症⑨,[R556.6+3]
血红蛋白尿症⑨,R556.6+4
中毒性溶血症性贫血⑨,R556.6+5
感染性溶血性贫血⑨,R556.6+6
症状性溶血性贫血⑨,R556.6+7
其他溶血素所致贫血⑨,R556.6+9
护理学与其他学科的关系,R47-05
护理学基础科学,R471
护理一般技术,R472
专科护理学,R473
处方法及剂量学,R451
投药法、用药法,R452
系统型红斑狼疮⑨,R593.24+1
狼疮性肾炎⑨,R593.24+2
狼疮性肺炎⑨,R593.24+3
药物疗法、化学疗法,R453
物理疗法、自然疗法,R454
体育疗法（医疗体育）,R455
生物疗法,R456
血液疗法,R457
组织疗法（器官疗法）,R458
激素疗法,R459.1
封闭（庇护）疗法、脱敏疗法,R459.2
饮食疗法、临床营养学,R459.3
综合快速疗法,R459.4
血液净化疗法,R459.5
氧疗法、高压氧疗法,R459.6
急救医学、急救处理,R459.7
精神疗法,[R459.8]
其他疗法,R459.9
肌畸形⑨,R685.1
肌炎⑨,R685.2
肌肥大⑨,R685.3
肌损伤⑨,R685.4
腱、腱鞘、腱膜疾病⑨,R686.1
筋膜疾病⑨,R686.3
韧带疾病⑨,R686.5
滑囊、滑液、滑膜疾病⑨,R686.7
横纹肌疾病⑨,R685.5
平滑肌疾病⑨,R685.6
一般技术及设备⑨,R687.1
肌肉及肌腱手术⑨,R687.2
骨骼手术⑨,R687.3
关节手术⑨,R687.4
截肢手术⑨,R687.5
骨发育不良症⑨,R681.1
骨及骨膜的感染⑨,R681.2
软骨疾病⑨,R681.3
骺疾病⑨,R681.4
脊柱及背疾病⑨,R681.5
骨盆疾病⑨,R681.6
上肢骨⑨,R681.7
下肢骨⑨,R681.8
胸骨、肋骨骨折⑨,R683.1
脊椎骨折⑨,R683.2
骨盆骨折⑨,R683.3
四肢骨折⑨,R683.4
颅骨骨折⑨,R683.5
骶尾骨骨折⑨,R683.6
断肢、断指再植手术⑨,R658.1
上肢⑨,R658.2
下肢⑨,R658.3
肾结核⑨,R527.1
膀胱结核⑨,R527.3
生殖器结核⑨,R527.4
先天性畸形⑨,R682.1
麻痹性畸形及挛缩⑨,R682.2
脊柱姿势性畸形⑨,R682.3
骨盆畸形⑨,R682.4
上肢部畸形⑨,R682.5
下肢部畸形⑨,R682.6
皮肤移植⑨,R622+.1
肌及肌腱移植⑨,R622+.2
神经移植⑨,R622+.3
血管移植⑨,R622+.4
其他⑨,R622+.9
斑疹伤寒⑨,R513.1
恙虫热⑨,R513.2
斑疹热⑨,R513.3
Q热（Query热）⑨,R513.4
战壕热⑨,R513.5
急腹症⑨,R656.1
腹部疝⑨,R656.2
腹壁⑨,R656.3
腹膜⑨,R656.4
腹膜后间隙⑨,R656.5
胃、十二指肠⑨,R656.6
小肠⑨,R656.7
阑尾⑨,R656.8
结肠⑨,R656.9
直肠和肛门⑨,R657.1
肠系膜、网膜⑨,R657.2
肝及肝管⑨,R657.3
胆囊、胆管⑨,R657.4
胰腺⑨,R657.5
脾脏⑨,R657.6
脐⑨,R657.7
鹦鹉热⑨,R518.1
性病淋巴肉芽肿⑨,[R518.2]
沙眼⑨,[R518.3]
成人滤泡性结膜炎⑨,[R518.4]
腹股沟⑨,R657.8
衣原体性泌尿生殖系感染⑨,[R518.5]
其他衣原体疾病⑨,R518.8
肠炎⑨,R516.1
细菌性食物中毒⑨,[R516.2]
伤寒、副伤寒及其他沙门氏菌病⑨,R516.3
细菌性痢疾⑨,R516.4
霍乱、副霍乱⑨,R516.5
百日咳⑨,R516.6
布鲁（Bruce）氏菌病（波形热、地中海热、马尔他岛热）⑨,R516.7
鼠疫⑨,R516.8
土拉伦菌病（兔热）⑨,R516.9
白喉⑨,R517.1
炭疽⑨,R517.2
破伤风⑨,R517.3
气性坏疽⑨,R517.4
梭菌肌炎⑨,R517.5
克雷白（Klebs）氏菌传染病⑨,R517.6
李斯特（Lister）氏菌病⑨,R517.7
其他杆菌病⑨,R517.9
卫生保健护理学,R473.1
社区护理学,R473.2
理疗科护理学,R473.3
内科护理学,R473.5
外科护理学,R473.6
妇产科护理学,R473.71
儿科护理学,R473.72
肿瘤科护理学,R473.73
神经病、精神病护理学,R473.74
皮肤病、性病护理学,R473.75
耳鼻咽喉科护理学,R473.76
眼科护理学,R473.77
口腔科护理学,R473.78
军队护理学,[R473.82]
大骨节病⑨,R684.1
关节畸形⑨,R684.2
关节炎⑨,R684.3
关节脱位、扭伤、劳伤⑨,R684.7
关节粘连⑨,R684.8
原发型肺结核⑨,R521.1
支气管淋巴结核,{R521.2}
急性粟粒型,{R521.3}
血行播散型肺结核⑨,R521.4
继发型肺结核⑨,R521.5
肺硬变⑨,R521.6
结核性胸膜炎⑨,R521.7
其他类型⑨,R521.9
猩红热⑨,R515.1
流行性脑脊髓膜炎（流行性脑膜炎）⑨,R515.2
败血症⑨,R515.3
其他⑨,R515.9
放线菌病⑨,R519.1
芽生菌病⑨,R519.2
念珠菌病⑨,R519.3
隐球菌病⑨,R519.4
藻菌病⑨,R519.5
其他⑨,R519.8
回归热⑨,R514.1
非性病性密螺旋体病（Bejel氏病）⑨,R514.2
雅司病⑨,R514.3
钩端螺旋体病⑨,R514.4
鼠咬热（Sodoku）（鼠毒）⑨,R514.5
上肢骨折⑨,R683.41
下肢骨折⑨,R683.42
甲状腺、甲状旁腺制剂及其疗法,R458+.1
垂体制剂及其疗法,R458+.2
肾上腺皮质制剂、肾上腺素及其疗法,R458+.3
促肾上腺皮质激素及其疗法,R458+.4
胰岛素、胰腺制剂及其疗法,R458+.5
淋巴腺制剂及其疗法,R458+.6
性激素及其疗法,R458+.7
胎盘及脐带浸出液及其疗法,R458+.8
其他,R458+.9
关节切除术⑨,R687.4+1
关节形成术⑨,R687.4+2
关节固定术⑨,R687.4+3
发热疗法,R456+.1
种疟疗法,R456+.2
酶素疗法,R456+.3
蛋白质休克疗法,R456+.4
生物化学检验、临床检验,R446.1
微生物学检验,R446.5
免疫学检验,R446.6
细胞遗传学检查,R446.7
组织学检验,R446.8
其他,R446.9
截骨术⑨,R687.3+1
金属内固定术⑨,R687.3+2
髓内针固定术⑨,R687.3+3
骨骼移植术⑨,R687.3+4
骨骼牵引术⑨,R687.3+5
骨折创口清除术⑨,R687.3+6
电疗法、磁疗法,R454.1
光疗法,R454.2
声疗法,R454.3
机械能疗法,R454.4
冷热疗法、水疗法,R454.5
气候疗法、自然疗法,R454.6
其他,R454.9
磺胺类药物疗法,R453.1
抗生素疗法,R453.2
维生素疗法,R453.3
锑剂疗法,R453.4
其他化学制剂疗法,R453.9
脐炎⑨,R657.7+1
脐尿管瘘与囊肿⑨,R657.7+2
卵黄管瘘与囊肿⑨,R657.7+3
感染性疾病,R473.51
结核病,R473.52
心脏、血管（循环系）疾病,R473.54
血液及淋巴系疾病,R473.55
呼吸系及胸部疾病,R473.56
消化系及腹部疾病,R473.57
内分泌腺疾病及代谢病,R473.58
全身性疾病,R473.59
脊柱炎⑨,R681.5+1
椎骨软骨炎⑨,R681.5+2
脊椎关节病⑨,R681.5+3
脊椎外伤性神经病⑨,R681.5+4
脊椎骨质增生病⑨,R681.5+5
腰骶部疾病⑨,R681.5+7
骶尾骨部疾病⑨,R681.5+8
输血疗法,R457.1
血清疗法、免疫疗法,R457.2
放血疗法,R457.3
造血干细胞移植,R457.7
人工充血法,R457.9
脾脓肿⑨,R657.6+1
脾破裂⑨,R657.6+2
脾机能亢进症的外科治疗⑨,R657.6+3
游走脾⑨,R657.6+4
肝硬化⑨,R657.3+1
肝破裂⑨,R657.3+2
肝脓肿⑨,R657.3+3
门静脉高压症⑨,R657.3+4
先天性直肠及肛门闭锁⑨,R657.1+1
直肠及肛门损伤⑨,R657.1+2
肛隐窝炎⑨,R657.1+3
肛裂⑨,R657.1+4
直肠及肛门周围脓肿⑨,R657.1+5
肛瘘⑨,R657.1+6
直肠狭窄⑨,R657.1+7
痔⑨,R657.1+8
脱肛（直肠脱垂）⑨,R657.1+9
腹壁炎症⑨,R656.3+1
腹壁损伤⑨,R656.3+2
腹壁先天性疾病⑨,R656.3+3
腹股沟疝⑨,R656.2+1
股疝⑨,R656.2+2
脐疝⑨,R656.2+3
腹疝⑨,R656.2+4
腹膜炎⑨,R656.4+1
腹膜脓肿⑨,R656.4+2
胰腺炎⑨,R657.5+1
胰腺囊肿⑨,R657.5+2
先天性胰腺畸形⑨,R657.5+3
胃手术⑨,R656.6+1
胃、十二指肠溃疡⑨,R656.6+2
先天性幽门狭窄⑨,R656.6+3
十二指肠外科疾病⑨,R656.6+4
超声波诊断,R445.1
核磁共振成像,R445.2
电子计算机体层扫描,[R445.3]
放射线诊断,[R445.4]
放射性核素成像,[R445.5]
发射型计算机体层显像,[R445.6]
热成像,R445.7
其他,R445.9
脊髓灰质炎后遗症⑨,R682.2+1
大脑性（痉挛性）麻痹⑨,R682.2+2
产科性麻痹（产瘫）⑨,R682.2+3
挛缩症⑨,R682.2+4
血液学检验,R446.11
尿液检验,R446.12
粪便检验,R446.13
脑脊髓液检验,R446.14
其他,R446.19
视诊,R443+.1
触诊,R443+.2
叩诊,R443+.3
听诊,R443+.4
体温、血压测定,R443+.5
呼吸检查,R443+.6
反应检查,R443+.7
物理诊断仪器与设备,R443+.8
其他,R443+.9
免疫学检验方法,R446.61
免疫物质测定,R446.62
细胞免疫功能测定,R446.63
其他,R446.69
麻疹⑨,R511.1
风疹⑨,R511.2
天花⑨,R511.3
水痘⑨,R511.5
感冒（伤风）⑨,R511.6
流行性感冒⑨,R511.7
腺病毒感染⑨,R511.8
流行性腮腺炎⑨,R512.1
脑炎及脑脊髓膜炎⑨,R512.3
脊髓灰质炎（小儿麻痹症）⑨,R512.4
肠道病毒感染⑨,R512.5
病毒性肝炎⑨,R512.6
传染性单核细胞增多症（腺热）⑨,R512.7
病毒性出血热⑨,R512.8
获得性免疫缺陷综合征（AIDS艾滋病）⑨,R512.91
严重急性呼吸系统综合症（SARS）⑨,R512.93
其他⑨,R512.99
疼痛,R441.1
眩晕,R441.2
发热,R441.3
心动过速,R441.4
咳嗽、咳痰,R441.5
呕血、黑便,R441.6
咯血,R441.7
消毒法和保管法,R472.1
护理急救法,R472.2
手术室护理操作,R472.3
保护具的使用,R472.4
架类及沙袋的使用,R472.5
隔离技术,R472.6
诊疗技术,R472.9
颅骨畸形⑨,R682.1+1
颈骨畸形⑨,R682.1+2
脊柱畸形⑨,R682.1+3
高肩胛⑨,R682.1+4
呼吸困难,R441.8
休克,R441.9
厌食、恶心、呕吐,R442.1
便秘、腹胀、腹泻,R442.2
肝脾肿大,R442.3
黄疸,R442.4
手畸形⑨,R682.1+5
足畸形⑨,R682.1+6
先天性脱位与骨折⑨,R682.1+7
先天性挛缩症⑨,R682.1+8
其他先天性骨畸形⑨,R682.1+9
腹水、水肿,R442.5
痉挛,R442.6
出血,R442.7
综合征,R442.8
其他,R442.9
线虫病⑨,R532.1
吸虫病⑨,R532.2
绦虫病与囊虫病⑨,R532.3
阿米巴病⑨,R531.1
疟疾⑨,R531.3
球虫病及其他孢子虫病⑨,R531.5
黑热病（内脏利什曼病）⑨,R531.6
鞭毛虫病⑨,R531.7
弓形体病⑨,R531.8
其他⑨,R531.9
头颈部⑨,R625.1
胸部⑨,R625.2
腰腹部⑨,R625.3
其他⑨,R625.9
体外循环及复苏术⑨,R654.1
心脏⑨,R654.2
血管⑨,R654.3
周围血管⑨,R654.4
淋巴系⑨,R654.7
颅脑⑨,R651.1
脊髓⑨,R651.2
周围神经⑨,R651.3
植物神经⑨,R651.4
破伤风⑨,R633+.1
气性坏疽⑨,R633+.2
放线菌病⑨,R633+.3
溃疡⑨,R632.1
疖⑨,R632.2
痈⑨,R632.3
蜂窝组织炎⑨,R632.4
脓肿⑨,R632.5
急性淋巴管炎、淋巴结炎⑨,R632.6
甲沟炎⑨,R632.7
其他⑨,R632.9
血型,R457.1+1
血库,R457.1+2
输血反应,R457.1+3
血浆,R457.1+4
胆囊炎⑨,R657.4+1
胆石症⑨,R657.4+2
胆管阻塞⑨,R657.4+3
胆道先天性疾病⑨,R657.4+4
胆管炎⑨,R657.4+5
胆管狭窄⑨,R657.4+6
水蛭疗法,R457.3+1
吸血疗法（杯疗法）,R457.3+2
粪便一般（常规）检验,R446.13+1
粪便寄生虫检验,R446.13+2
潜血试验,R446.13+3
其他,R446.13+9
血液一般（常规）检验,R446.11+1
血液生物化学检验,R446.11+2
血液细胞学检验,R446.11+3
其他,R446.11+9
甲型肝炎⑨,R512.6+1
乙型肝炎⑨,R512.6+2
丙型肝炎（肠道外传播性非甲非乙型肝炎）⑨,R512.6+3
丁型肝炎（δ病毒感染、δ肝炎）⑨,R512.6+4
戊型肝炎（肠道传播的非甲非乙型肝炎）⑨,R512.6+5
其他⑨,R512.6+9
甲型脑炎（尼克诺莫氏脑炎）⑨,R512.31
乙型脑炎（日本脑炎）⑨,R512.32
丙型脑炎（美国圣路易脑炎）⑨,R512.33
森林脑炎（苏联脑炎）⑨,R512.34
其他⑨,R512.39
胸壁⑨,R655.1
胸膜⑨,R655.2
支气管和肺⑨,R655.3
食管⑨,R655.4
纵膈⑨,R655.5
膈膜⑨,R655.6
胸腺⑨,R655.7
乳房⑨,R655.8
裂头绦虫病⑨,R532.31
棘球蚴病（包虫病）⑨,R532.32
囊虫病⑨,R532.33
其他⑨,R532.39
血吸虫病⑨,R532.21
并殖吸虫病⑨,R532.22
华支睾吸虫病⑨,R532.23
姜片虫病⑨,R532.24
其他⑨,R532.29
尿液一般（常规）检验,R446.12+1
尿液生物化学检验,R446.12+2
其他,R446.12+9
胃肠道的处理,R472.9+1
泌尿器的处理,R472.9+2
肠阿米巴病⑨,R531.11
肠外阿米巴病⑨,R531.12
毒血症⑨,R631+.1
脓血症⑨,R631+.2
败血症⑨,R631+.3
感染性休克⑨,R631+.4
脑外科手术⑨,R651.1+1
脑血管外科手术⑨,R651.1+2
垂体外科手术⑨,R651.1+3
松果体外科手术⑨,R651.1+4
颅脑损伤⑨,R651.1+5
其他⑨,R651.1+9
蛔虫病⑨,R532.11
钩虫病⑨,R532.12
蛲虫病⑨,R532.13
旋毛虫病（蟠虫病）⑨,R532.14
丝虫病（象皮病）⑨,R532.15
鞭虫病⑨,R532.17
其他⑨,R532.19
